{"stats":{"minecraft:crafted":{"minecraft:oak_door":3,"minecraft:oak_planks":216,"comforts:sleeping_bag_white":1,"minecraft:cooked_chicken":2,"minecraft:furnace":5,"minecraft:cobblestone_stairs":8,"minecraft:cooked_mutton":37,"minecraft:iron_boots":2,"minecraft:stone_pickaxe":1,"minecraft:chest":10,"minecraft:oak_fence":12,"sophisticatedbackpacks:iron_backpack":1,"minecraft:cooked_beef":24,"sophisticatedbackpacks:backpack":2,"minecraft:cooked_porkchop":9,"minecraft:crafting_table":2,"minecraft:spruce_planks":76,"minecraft:wooden_pickaxe":1,"minecraft:iron_helmet":1,"minecraft:iron_sword":1,"minecraft:bowl":4,"sophisticatedbackpacks:gold_backpack":1,"minecraft:bucket":1,"minecraft:stone_axe":3,"minecraft:iron_chestplate":2,"minecraft:charcoal":21,"minecraft:stick":60,"minecraft:iron_ingot":104,"minecraft:iron_pickaxe":3,"minecraft:wooden_axe":4,"minecraft:iron_leggings":2,"minecraft:gold_ingot":62,"minecraft:white_bed":1,"minecraft:torch":140},"minecraft:custom":{"minecraft:mob_kills":61,"minecraft:interact_with_crafting_table":27,"minecraft:damage_dealt_resisted":175,"minecraft:leave_game":2,"minecraft:time_since_death":180932,"minecraft:climb_one_cm":18020,"minecraft:sprint_one_cm":607186,"minecraft:walk_one_cm":534242,"minecraft:drop":63,"minecraft:talked_to_villager":5,"minecraft:play_time":206801,"minecraft:sneak_time":3098,"minecraft:deaths":1,"minecraft:walk_under_water_one_cm":23429,"minecraft:jump":2349,"minecraft:walk_on_water_one_cm":25401,"minecraft:total_world_time":206801,"minecraft:interact_with_furnace":106,"minecraft:tune_noteblock":7,"minecraft:interact_with_loom":1,"minecraft:sleep_in_bed":3,"minecraft:time_since_rest":14793,"minecraft:damage_taken":2847,"minecraft:damage_dealt":7423,"minecraft:swim_one_cm":41611,"minecraft:fly_one_cm":343299,"minecraft:open_chest":38,"minecraft:crouch_one_cm":4892,"tombstone:undead_killed":15,"minecraft:interact_with_smoker":9,"minecraft:fall_one_cm":37966,"minecraft:horse_one_cm":192465},"minecraft:dropped":{"minecraft:iron_ingot":15,"minecraft:wheat_seeds":2,"minecraft:diamond":13,"minecraft:apple":4,"minecraft:stick":8,"minecraft:dirt":13,"minecraft:diorite":1,"minecraft:torch":2,"minecraft:iron_leggings":1,"minecraft:iron_pickaxe":1,"minecraft:spruce_sapling":4,"minecraft:furnace":2,"minecraft:stone_axe":1,"minecraft:sweet_berries":56,"minecraft:cobbled_deepslate":27,"minecraft:tuff":7,"minecraft:rotten_flesh":2,"minecraft:iron_boots":1,"sophisticatedbackpacks:backpack":2,"minecraft:cooked_mutton":14,"minecraft:poppy":1,"minecraft:spruce_planks":9,"minecraft:iron_chestplate":1,"minecraft:andesite":2,"minecraft:oak_sapling":3,"tombstone:essence_of_undeath":1,"minecraft:stone_pickaxe":1,"minecraft:egg":3},"minecraft:used":{"minecraft:oak_fence":13,"minecraft:poppy":6,"minecraft:chest":8,"minecraft:spruce_planks":10,"minecraft:iron_sword":176,"minecraft:rotten_flesh":8,"minecraft:oak_door":2,"minecraft:torch":118,"minecraft:dirt":3,"minecraft:mutton":3,"minecraft:wooden_axe":155,"minecraft:sweet_berries":88,"minecraft:furnace":8,"tombstone:gift":3,"comforts:sleeping_bag_white":1,"minecraft:cooked_beef":17,"minecraft:golden_axe":18,"minecraft:cooked_mutton":12,"minecraft:water_bucket":3,"minecraft:cobblestone_stairs":9,"minecraft:oak_planks":88,"minecraft:stone_pickaxe":256,"minecraft:wooden_pickaxe":59,"minecraft:crafting_table":7,"minecraft:white_bed":1,"minecraft:smoker":1,"sophisticatedbackpacks:backpack":4,"minecraft:iron_pickaxe":461,"minecraft:spruce_trapdoor":1,"minecraft:stone_axe":222,"minecraft:cobblestone":85,"minecraft:porkchop":2,"minecraft:bucket":4,"minecraft:dandelion":3},"minecraft:broken":{"minecraft:wooden_pickaxe":1,"minecraft:stone_pickaxe":1,"minecraft:golden_axe":1,"minecraft:stone_axe":1,"minecraft:iron_pickaxe":1,"minecraft:wooden_axe":4},"minecraft:picked_up":{"minecraft:crafting_table":5,"minecraft:chicken":3,"minecraft:brown_mushroom":10,"minecraft:string":16,"minecraft:raw_copper":7,"portablecraftingtable:portable_crafting_table":1,"minecraft:tnt_minecart":1,"minecraft:cobbled_deepslate":103,"comforts:sleeping_bag_white":1,"minecraft:beef":29,"minecraft:poppy":7,"minecraft:sugar_cane":2,"minecraft:birch_sapling":7,"minecraft:spruce_trapdoor":2,"minecraft:furnace":5,"minecraft:egg":3,"minecraft:stick":16,"minecraft:raw_iron":78,"minecraft:oak_fence":1,"minecraft:torch":17,"sophisticatedbackpacks:backpack":5,"minecraft:porkchop":13,"tombstone:grave_dust":4,"minecraft:diorite":1,"minecraft:redstone":78,"minecraft:arrow":6,"minecraft:rotten_flesh":13,"tombstone:essence_of_undeath":2,"minecraft:mutton":33,"minecraft:rail":48,"minecraft:white_wool":16,"minecraft:cobblestone":299,"minecraft:birch_log":42,"minecraft:feather":5,"minecraft:cooked_beef":3,"minecraft:andesite":2,"minecraft:leather":18,"minecraft:smoker":1,"minecraft:tuff":7,"minecraft:oak_log":111,"minecraft:gunpowder":3,"minecraft:cobblestone_stairs":1,"minecraft:lapis_lazuli":9,"minecraft:dirt":104,"minecraft:bone":3,"minecraft:apple":5,"minecraft:wheat_seeds":2,"minecraft:raw_gold":62,"minecraft:stone_pickaxe":1,"minecraft:iron_ingot":1,"minecraft:powered_rail":1,"minecraft:oak_planks":1,"minecraft:sweet_berries":138,"minecraft:dandelion":3,"minecraft:gravel":4,"minecraft:spruce_sapling":7,"minecraft:spruce_log":19,"minecraft:diamond":35,"minecraft:oak_sapling":18,"minecraft:black_wool":2,"minecraft:coal":105},"minecraft:mined":{"minecraft:diamond_ore":29,"minecraft:tuff":2,"minecraft:mossy_cobblestone":7,"minecraft:deepslate_diamond_ore":1,"minecraft:cobblestone_stairs":1,"minecraft:glow_lichen":1,"minecraft:granite":11,"minecraft:grass_block":20,"minecraft:spruce_leaves":28,"minecraft:large_fern":1,"minecraft:furnace":6,"minecraft:iron_ore":32,"minecraft:andesite":4,"minecraft:deepslate_lapis_ore":4,"minecraft:deepslate_iron_ore":20,"minecraft:vine":4,"minecraft:rail":48,"minecraft:stone":205,"sophisticatedbackpacks:backpack":3,"minecraft:deepslate_redstone_ore":18,"minecraft:brown_mushroom":10,"minecraft:smoker":1,"minecraft:dandelion":4,"minecraft:oak_fence":1,"minecraft:crafting_table":5,"minecraft:torch":6,"minecraft:poppy":6,"minecraft:tall_grass":3,"minecraft:cobblestone":114,"minecraft:deepslate_gold_ore":16,"minecraft:oak_planks":2,"minecraft:diorite":1,"minecraft:wall_torch":7,"minecraft:powered_rail":1,"minecraft:birch_log":42,"minecraft:sweet_berry_bush":75,"minecraft:spruce_log":19,"minecraft:birch_leaves":2,"minecraft:bee_nest":2,"minecraft:grass":18,"minecraft:oak_log":115,"minecraft:coal_ore":56,"minecraft:gravel":6,"minecraft:dirt":105,"minecraft:cobweb":27,"minecraft:cracked_stone_bricks":4,"minecraft:stone_bricks":3,"minecraft:mossy_stone_bricks":4,"minecraft:gold_ore":41,"minecraft:oak_leaves":39,"minecraft:deepslate":140,"minecraft:fern":6},"minecraft:killed":{"minecraft:spider":1,"minecraft:skeleton":4,"minecraft:chicken":3,"minecraft:pig":7,"minecraft:creeper":2,"minecraft:sheep":20,"minecraft:zombie":11,"minecraft:cow":13},"minecraft:killed_by":{"man:managgresive":1}},"DataVersion":3465}