{"stats":{"minecraft:mined":{"minecraft:diamond_ore":29,"minecraft:tuff":4,"minecraft:mossy_cobblestone":7,"minecraft:deepslate_diamond_ore":2,"minecraft:cobblestone_stairs":1,"minecraft:ladder":1,"minecraft:cave_vines_plant":30,"minecraft:glow_lichen":6,"minecraft:granite":11,"minecraft:grass_block":36,"minecraft:spruce_leaves":42,"minecraft:moss_block":37,"minecraft:red_mushroom":21,"minecraft:large_fern":25,"minecraft:spore_blossom":3,"minecraft:furnace":6,"minecraft:barrel":1,"minecraft:iron_ore":59,"minecraft:andesite":7,"minecraft:moss_carpet":5,"minecraft:pumpkin":2,"minecraft:anvil":1,"minecraft:deepslate_lapis_ore":7,"minecraft:peony":16,"minecraft:big_dripleaf_stem":2,"minecraft:cave_vines":17,"minecraft:deepslate_iron_ore":28,"minecraft:vine":10,"minecraft:rail":48,"minecraft:azalea":3,"minecraft:stone":253,"sophisticatedbackpacks:backpack":3,"minecraft:podzol":17,"minecraft:deepslate_redstone_ore":18,"minecraft:brown_mushroom":12,"minecraft:flowering_azalea":17,"minecraft:snow_block":11,"minecraft:smoker":1,"minecraft:dandelion":4,"minecraft:powder_snow":54,"minecraft:clay":62,"minecraft:oak_fence":2,"minecraft:crafting_table":5,"minecraft:torch":7,"minecraft:blast_furnace":1,"minecraft:poppy":6,"minecraft:rose_bush":20,"minecraft:tall_grass":11,"minecraft:cobblestone":147,"minecraft:iron_door":1,"minecraft:deepslate_gold_ore":25,"minecraft:oak_planks":3,"minecraft:sugar_cane":13,"minecraft:diorite":1,"minecraft:wall_torch":8,"minecraft:big_dripleaf":5,"minecraft:powered_rail":1,"minecraft:birch_log":156,"minecraft:sweet_berry_bush":101,"minecraft:spruce_log":47,"minecraft:birch_leaves":2,"minecraft:black_bed":1,"minecraft:bee_nest":2,"minecraft:grass":50,"minecraft:oak_log":212,"minecraft:coal_ore":136,"minecraft:gravel":6,"minecraft:dripstone_block":5,"minecraft:dirt":171,"minecraft:cobweb":34,"minecraft:cracked_stone_bricks":4,"minecraft:stone_bricks":3,"minecraft:gold_ore":41,"minecraft:mossy_stone_bricks":6,"minecraft:oak_leaves":59,"minecraft:deepslate":159,"minecraft:fern":22},"minecraft:picked_up":{"sophisticatedbackpacks:gold_backpack":1,"minecraft:crafting_table":5,"minecraft:ladder":1,"minecraft:chicken":9,"minecraft:anvil":1,"minecraft:clay_ball":299,"minecraft:chest_minecart":1,"minecraft:brown_mushroom":13,"minecraft:enchanted_book":1,"minecraft:string":25,"minecraft:moss_carpet":11,"minecraft:raw_copper":7,"minecraft:pufferfish":2,"portablecraftingtable:portable_crafting_table":1,"minecraft:detector_rail":1,"minecraft:tnt_minecart":2,"minecraft:cobbled_deepslate":119,"comforts:sleeping_bag_white":6,"minecraft:beef":29,"minecraft:rose_bush":18,"minecraft:azalea":2,"minecraft:poppy":10,"minecraft:light_gray_wool":1,"minecraft:sugar_cane":24,"minecraft:birch_sapling":7,"minecraft:spruce_trapdoor":2,"minecraft:furnace":5,"minecraft:egg":5,"minecraft:stick":28,"minecraft:raw_iron":174,"minecraft:big_dripleaf":16,"minecraft:oak_fence":3,"minecraft:torch":46,"minecraft:bowl":2,"sophisticatedbackpacks:backpack":5,"minecraft:porkchop":30,"minecraft:carrot":1,"tombstone:grave_dust":6,"minecraft:diorite":1,"minecraft:vine":3,"minecraft:redstone":78,"minecraft:golden_chestplate":1,"minecraft:arrow":9,"minecraft:rotten_flesh":29,"minecraft:tropical_fish":1,"minecraft:peony":16,"minecraft:music_disc_ward":1,"tombstone:essence_of_undeath":2,"minecraft:cod":5,"minecraft:snowball":44,"minecraft:glow_berries":21,"minecraft:mutton":43,"minecraft:rail":59,"minecraft:white_wool":20,"minecraft:cobblestone":376,"minecraft:birch_log":154,"minecraft:iron_door":1,"minecraft:feather":13,"minecraft:cooked_beef":3,"minecraft:andesite":3,"minecraft:salmon":6,"minecraft:black_bed":1,"minecraft:leather":18,"minecraft:golden_leggings":1,"minecraft:smoker":1,"minecraft:red_mushroom":40,"minecraft:tuff":9,"minecraft:oak_log":201,"minecraft:gunpowder":7,"minecraft:cobblestone_stairs":1,"minecraft:lapis_lazuli":21,"minecraft:dirt":198,"minecraft:name_tag":2,"minecraft:bone":9,"minecraft:apple":5,"minecraft:wheat_seeds":10,"minecraft:raw_gold":71,"minecraft:spore_blossom":3,"minecraft:iron_ingot":1,"minecraft:stone_pickaxe":1,"minecraft:mossy_stone_bricks":2,"minecraft:powered_rail":1,"minecraft:moss_block":33,"minecraft:oak_planks":6,"minecraft:flowering_azalea":17,"minecraft:glow_lichen":4,"minecraft:pumpkin":2,"minecraft:sweet_berries":181,"minecraft:axolotl_bucket":3,"minecraft:dandelion":6,"minecraft:dripstone_block":3,"minecraft:gravel":4,"minecraft:spruce_sapling":7,"minecraft:ink_sac":2,"minecraft:spruce_log":47,"minecraft:barrel":1,"minecraft:diamond":39,"minecraft:gray_wool":2,"minecraft:bread":5,"tombstone:magic_scroll":1,"minecraft:oak_sapling":18,"minecraft:black_wool":3,"minecraft:coal":182,"minecraft:ender_pearl":1},"minecraft:custom":{"minecraft:interact_with_anvil":2,"minecraft:mob_kills":121,"minecraft:open_barrel":1,"minecraft:interact_with_crafting_table":33,"minecraft:damage_dealt_resisted":175,"minecraft:leave_game":2,"minecraft:time_since_death":33793,"minecraft:climb_one_cm":32048,"minecraft:sprint_one_cm":1406956,"minecraft:walk_one_cm":1070161,"minecraft:drop":96,"minecraft:talked_to_villager":5,"minecraft:play_time":386203,"minecraft:sneak_time":6040,"minecraft:deaths":3,"minecraft:walk_under_water_one_cm":35739,"minecraft:jump":4988,"minecraft:walk_on_water_one_cm":57690,"minecraft:total_world_time":386203,"minecraft:interact_with_furnace":140,"minecraft:tune_noteblock":7,"minecraft:interact_with_loom":1,"minecraft:sleep_in_bed":11,"minecraft:time_since_rest":9960,"minecraft:damage_taken":6048,"minecraft:damage_dealt":16288,"minecraft:swim_one_cm":91609,"minecraft:player_kills":4,"minecraft:fly_one_cm":792022,"minecraft:open_chest":71,"minecraft:crouch_one_cm":13750,"tombstone:undead_killed":33,"minecraft:fish_caught":9,"minecraft:interact_with_smoker":22,"minecraft:fall_one_cm":94452,"minecraft:horse_one_cm":253335},"minecraft:broken":{"minecraft:wooden_pickaxe":1,"minecraft:stone_pickaxe":1,"minecraft:golden_axe":1,"minecraft:iron_axe":2,"minecraft:stone_axe":1,"minecraft:iron_pickaxe":1,"minecraft:wooden_axe":4},"minecraft:dropped":{"minecraft:iron_ingot":15,"minecraft:bread":5,"minecraft:wheat_seeds":2,"minecraft:cooked_beef":2,"minecraft:diamond":21,"minecraft:cooked_porkchop":4,"minecraft:apple":4,"minecraft:mushroom_stew":4,"minecraft:stick":16,"minecraft:dirt":13,"minecraft:diorite":1,"minecraft:torch":2,"minecraft:iron_leggings":1,"minecraft:iron_pickaxe":1,"minecraft:spruce_sapling":4,"minecraft:furnace":2,"minecraft:stone_axe":2,"minecraft:sweet_berries":56,"minecraft:cobbled_deepslate":27,"minecraft:tuff":7,"minecraft:rotten_flesh":2,"minecraft:oak_planks":1,"minecraft:iron_boots":1,"sophisticatedbackpacks:backpack":2,"minecraft:name_tag":1,"minecraft:cooked_mutton":26,"sophisticatedbackpacks:diamond_backpack":1,"minecraft:poppy":1,"minecraft:oak_fence_gate":1,"minecraft:spruce_planks":9,"minecraft:iron_chestplate":1,"minecraft:andesite":2,"minecraft:oak_sapling":3,"tombstone:essence_of_undeath":1,"minecraft:bow":1,"minecraft:stone_pickaxe":1,"minecraft:egg":3},"minecraft:used":{"minecraft:moss_block":8,"minecraft:oak_fence":15,"minecraft:iron_shovel":231,"minecraft:ladder":1,"minecraft:poppy":9,"minecraft:chest":8,"minecraft:spruce_planks":10,"minecraft:iron_sword":429,"minecraft:cooked_chicken":2,"minecraft:rotten_flesh":9,"minecraft:oak_door":2,"minecraft:torch":200,"minecraft:dirt":131,"minecraft:anvil":1,"minecraft:mutton":3,"minecraft:tuff":2,"minecraft:big_dripleaf":2,"minecraft:wooden_axe":155,"minecraft:iron_axe":488,"minecraft:sweet_berries":147,"minecraft:furnace":8,"tombstone:gift":4,"minecraft:egg":1,"comforts:sleeping_bag_white":6,"minecraft:cooked_beef":32,"minecraft:cobbled_deepslate":3,"minecraft:golden_axe":18,"minecraft:mossy_stone_bricks":2,"minecraft:cooked_mutton":23,"minecraft:water_bucket":6,"minecraft:cobblestone_stairs":9,"minecraft:birch_planks":13,"minecraft:oak_planks":91,"minecraft:stone_pickaxe":256,"minecraft:ender_pearl":1,"minecraft:wooden_pickaxe":59,"minecraft:glow_berries":22,"minecraft:crafting_table":8,"minecraft:white_bed":1,"minecraft:shears":4,"minecraft:smoker":1,"sophisticatedbackpacks:backpack":4,"minecraft:bread":8,"minecraft:iron_pickaxe":707,"minecraft:spruce_trapdoor":1,"minecraft:stone_axe":222,"minecraft:fishing_rod":10,"minecraft:cobblestone":149,"minecraft:cooked_porkchop":6,"minecraft:porkchop":2,"minecraft:bucket":10,"minecraft:dandelion":6},"minecraft:killed_by":{"man:managgresive":2,"minecraft:skeleton":1},"minecraft:crafted":{"minecraft:oak_door":3,"minecraft:oak_planks":248,"minecraft:fishing_rod":1,"comforts:sleeping_bag_white":1,"minecraft:cooked_chicken":8,"minecraft:furnace":5,"minecraft:cobblestone_stairs":8,"minecraft:mushroom_stew":4,"minecraft:cooked_mutton":52,"minecraft:iron_boots":2,"minecraft:iron_axe":3,"minecraft:stone_pickaxe":1,"minecraft:chest":10,"minecraft:oak_fence":12,"sophisticatedbackpacks:iron_backpack":1,"minecraft:cooked_beef":31,"sophisticatedbackpacks:backpack":2,"minecraft:cooked_porkchop":26,"minecraft:crafting_table":3,"minecraft:spruce_planks":84,"minecraft:wooden_pickaxe":1,"minecraft:iron_helmet":1,"minecraft:iron_sword":2,"minecraft:bowl":4,"sophisticatedbackpacks:gold_backpack":1,"minecraft:bucket":4,"minecraft:birch_planks":24,"minecraft:stone_axe":3,"minecraft:oak_fence_gate":1,"minecraft:iron_chestplate":2,"minecraft:charcoal":21,"sophisticatedbackpacks:diamond_backpack":2,"minecraft:stick":116,"minecraft:iron_ingot":163,"minecraft:iron_pickaxe":4,"minecraft:wooden_axe":4,"minecraft:iron_shovel":1,"minecraft:iron_leggings":2,"minecraft:gold_ingot":62,"minecraft:white_bed":1,"minecraft:torch":192,"minecraft:shears":1},"minecraft:killed":{"minecraft:spider":6,"minecraft:skeleton":7,"minecraft:chicken":9,"minecraft:pig":14,"minecraft:zombie_villager":1,"minecraft:salmon":9,"minecraft:creeper":3,"minecraft:sheep":28,"minecraft:zombie":25,"minecraft:enderman":1,"minecraft:cow":13}},"DataVersion":3465}