{"stats":{"minecraft:mined":{"minecraft:sculk_vein":5,"minecraft:cherry_log":138,"minecraft:cobblestone_stairs":1,"minecraft:cherry_trapdoor":8,"minecraft:cave_vines_plant":30,"minecraft:granite":11,"minecraft:budding_amethyst":4,"minecraft:grass_block":107,"minecraft:oak_pressure_plate":3,"minecraft:iron_ore":63,"minecraft:barrel":1,"minecraft:pumpkin":2,"minecraft:moss_carpet":5,"minecraft:deepslate_lapis_ore":7,"minecraft:anvil":1,"minecraft:enchanting_table":4,"minecraft:pointed_dripstone":3,"minecraft:cave_vines":17,"minecraft:dirt_path":2,"minecraft:azalea":3,"minecraft:deepslate_redstone_ore":24,"minecraft:brown_mushroom":12,"minecraft:smoker":2,"minecraft:powder_snow":55,"minecraft:clay":62,"minecraft:torch":13,"minecraft:blast_furnace":1,"minecraft:calcite":98,"minecraft:poppy":6,"minecraft:glass":1,"minecraft:cobblestone":163,"minecraft:sugar_cane":13,"minecraft:oak_planks":9,"minecraft:iron_door":3,"minecraft:wall_torch":16,"minecraft:amethyst_block":48,"minecraft:cherry_slab":27,"minecraft:pink_petals":11,"minecraft:cherry_fence":14,"minecraft:powered_rail":1,"minecraft:birch_log":194,"minecraft:lilac":20,"minecraft:cherry_door":2,"minecraft:black_bed":3,"minecraft:grass":139,"minecraft:oak_log":219,"minecraft:sand":259,"minecraft:dirt":299,"minecraft:smooth_basalt":20,"minecraft:oak_leaves":80,"minecraft:deepslate":321,"minecraft:diamond_ore":29,"minecraft:tuff":7,"minecraft:mossy_cobblestone":8,"minecraft:deepslate_diamond_ore":6,"minecraft:glow_lichen":6,"minecraft:ladder":5,"minecraft:allium":36,"minecraft:birch_slab":47,"minecraft:spruce_leaves":42,"minecraft:red_mushroom":21,"minecraft:moss_block":37,"minecraft:large_fern":25,"minecraft:spore_blossom":3,"minecraft:furnace":16,"minecraft:andesite":7,"minecraft:gold_block":1,"minecraft:peony":35,"minecraft:big_dripleaf_stem":2,"minecraft:deepslate_iron_ore":39,"minecraft:vine":12,"minecraft:rail":48,"minecraft:lantern":2,"minecraft:stone":273,"minecraft:cherry_stairs":38,"sophisticatedbackpacks:backpack":3,"minecraft:white_wool":1,"minecraft:podzol":17,"minecraft:birch_stairs":10,"minecraft:flowering_azalea":17,"minecraft:cherry_planks":33,"minecraft:lily_of_the_valley":17,"minecraft:snow_block":54,"minecraft:dandelion":4,"minecraft:oak_fence":14,"minecraft:crafting_table":6,"minecraft:rose_bush":31,"minecraft:tall_grass":30,"minecraft:deepslate_gold_ore":43,"minecraft:sculk":143,"minecraft:diorite":1,"minecraft:big_dripleaf":5,"minecraft:birch_planks":118,"minecraft:sweet_berry_bush":107,"minecraft:spruce_log":47,"minecraft:birch_leaves":3,"minecraft:bee_nest":2,"minecraft:coal_ore":220,"minecraft:cherry_leaves":87,"minecraft:gravel":8,"minecraft:dripstone_block":9,"minecraft:cobweb":34,"minecraft:cracked_stone_bricks":4,"minecraft:oak_button":1,"minecraft:stone_bricks":3,"minecraft:mossy_stone_bricks":7,"minecraft:gold_ore":41,"minecraft:fern":22},"minecraft:picked_up":{"minecraft:iron_chestplate":1,"minecraft:anvil":1,"minecraft:enchanted_book":3,"minecraft:amethyst_block":48,"minecraft:raw_copper":7,"minecraft:string":27,"minecraft:pufferfish":2,"portablecraftingtable:portable_crafting_table":1,"minecraft:cherry_boat":2,"minecraft:tnt_minecart":3,"minecraft:cobbled_deepslate":284,"comforts:sleeping_bag_white":19,"minecraft:rose_bush":29,"minecraft:calcite":95,"minecraft:azalea":2,"minecraft:furnace":15,"minecraft:stick":30,"minecraft:big_dripleaf":16,"minecraft:oak_fence":13,"minecraft:torch":64,"minecraft:porkchop":123,"minecraft:cherry_log":134,"minecraft:pointed_dripstone":3,"tombstone:grave_dust":6,"minecraft:diorite":1,"minecraft:vine":3,"minecraft:golden_chestplate":1,"minecraft:rotten_flesh":32,"minecraft:tropical_fish":1,"minecraft:music_disc_ward":1,"minecraft:polished_basalt":2,"minecraft:cod":5,"minecraft:snowball":96,"minecraft:cobblestone":402,"minecraft:birch_log":191,"minecraft:enchanting_table":4,"minecraft:pink_petals":35,"minecraft:lilac":19,"minecraft:cherry_leaves":45,"minecraft:feather":34,"minecraft:cooked_beef":3,"minecraft:cherry_planks":28,"minecraft:iron_door":3,"minecraft:birch_slab":49,"minecraft:andesite":3,"minecraft:black_bed":3,"minecraft:brown_wool":1,"minecraft:golden_leggings":1,"minecraft:smoker":2,"minecraft:potato":27,"minecraft:tuff":15,"minecraft:cherry_fence":14,"minecraft:lantern":2,"minecraft:lapis_lazuli":21,"minecraft:cherry_door":2,"minecraft:dirt":383,"minecraft:name_tag":2,"minecraft:bone":18,"minecraft:granite_wall":1,"minecraft:wheat_seeds":28,"minecraft:raw_gold":96,"minecraft:mossy_stone_bricks":3,"minecraft:powered_rail":1,"minecraft:moss_block":33,"minecraft:oak_planks":9,"minecraft:glow_lichen":4,"minecraft:oak_pressure_plate":3,"minecraft:axolotl_bucket":3,"minecraft:sand":255,"minecraft:ink_sac":2,"minecraft:lily_of_the_valley":15,"minecraft:barrel":1,"minecraft:diamond":43,"minecraft:crossbow":1,"minecraft:grass":4,"minecraft:emerald":1,"minecraft:bread":5,"minecraft:oak_sapling":19,"minecraft:cherry_slab":36,"sophisticatedbackpacks:gold_backpack":1,"minecraft:crafting_table":6,"minecraft:allium":29,"minecraft:chicken":29,"minecraft:ladder":7,"minecraft:clay_ball":299,"minecraft:chest_minecart":1,"minecraft:brown_mushroom":13,"minecraft:pink_wool":1,"minecraft:gold_block":1,"minecraft:moss_carpet":12,"minecraft:iron_axe":1,"minecraft:detector_rail":1,"minecraft:beef":69,"minecraft:poppy":12,"minecraft:light_gray_wool":3,"minecraft:sugar_cane":24,"minecraft:birch_sapling":7,"minecraft:spruce_trapdoor":2,"minecraft:cherry_trapdoor":8,"minecraft:egg":7,"minecraft:raw_iron":189,"minecraft:cherry_stairs":25,"sophisticatedbackpacks:crafting_upgrade":1,"minecraft:bowl":2,"sophisticatedbackpacks:backpack":5,"minecraft:carrot":1,"minecraft:redstone":96,"minecraft:arrow":13,"minecraft:peony":34,"tombstone:essence_of_undeath":2,"minecraft:glow_berries":21,"minecraft:mutton":166,"minecraft:white_wool":87,"minecraft:rail":59,"minecraft:salmon":6,"minecraft:leather":39,"minecraft:red_mushroom":40,"minecraft:birch_planks":133,"minecraft:oak_log":208,"minecraft:gunpowder":9,"minecraft:cobblestone_stairs":1,"minecraft:white_banner":1,"minecraft:apple":5,"minecraft:spore_blossom":3,"minecraft:iron_ingot":78,"minecraft:stone_pickaxe":1,"minecraft:flowering_azalea":17,"minecraft:smooth_basalt":20,"minecraft:pumpkin":2,"minecraft:sweet_berries":242,"minecraft:dandelion":7,"minecraft:dripstone_block":6,"minecraft:gravel":6,"minecraft:birch_stairs":10,"minecraft:spruce_sapling":7,"minecraft:spruce_log":47,"minecraft:diamond_axe":1,"minecraft:cherry_sapling":8,"minecraft:gray_wool":6,"minecraft:oak_button":1,"tombstone:magic_scroll":1,"minecraft:black_wool":9,"minecraft:coal":308,"minecraft:ender_pearl":1},"minecraft:custom":{"minecraft:interact_with_crafting_table":33,"minecraft:open_barrel":2,"minecraft:leave_game":3,"minecraft:time_since_death":40595,"minecraft:sprint_one_cm":2305302,"minecraft:drop":157,"minecraft:play_noteblock":2,"minecraft:talked_to_villager":5,"minecraft:play_time":724868,"minecraft:deaths":10,"minecraft:jump":8860,"minecraft:walk_on_water_one_cm":104357,"minecraft:interact_with_furnace":188,"minecraft:interact_with_loom":1,"minecraft:sleep_in_bed":28,"minecraft:damage_dealt":34993,"minecraft:player_kills":4,"minecraft:crouch_one_cm":51153,"tombstone:undead_killed":42,"minecraft:interact_with_smoker":22,"minecraft:horse_one_cm":357582,"minecraft:mob_kills":311,"minecraft:interact_with_anvil":3,"minecraft:damage_dealt_resisted":175,"minecraft:climb_one_cm":37418,"minecraft:walk_one_cm":2103075,"minecraft:sneak_time":20849,"minecraft:walk_under_water_one_cm":105519,"minecraft:boat_one_cm":31545,"minecraft:total_world_time":724868,"tombstone:raider_killed":8,"minecraft:tune_noteblock":7,"minecraft:time_since_rest":1180,"minecraft:damage_absorbed":149,"minecraft:damage_taken":11363,"minecraft:swim_one_cm":226243,"minecraft:fly_one_cm":1551358,"minecraft:open_chest":105,"minecraft:fish_caught":9,"minecraft:fall_one_cm":190143},"minecraft:broken":{"minecraft:iron_shovel":2,"minecraft:iron_boots":1,"minecraft:stone_pickaxe":1,"minecraft:stone_axe":1,"minecraft:iron_sword":1,"minecraft:wooden_axe":4,"minecraft:wooden_pickaxe":1,"minecraft:golden_axe":1,"minecraft:iron_axe":7,"minecraft:iron_pickaxe":4,"minecraft:iron_helmet":1},"minecraft:dropped":{"minecraft:porkchop":26,"minecraft:cooked_beef":2,"minecraft:baked_potato":3,"minecraft:diamond":21,"minecraft:cooked_porkchop":8,"minecraft:leather":11,"minecraft:dirt":13,"minecraft:mutton":11,"minecraft:snowball":64,"minecraft:iron_pickaxe":1,"minecraft:gravel":2,"minecraft:stone_axe":2,"minecraft:cobbled_deepslate":67,"minecraft:rotten_flesh":5,"minecraft:oak_planks":1,"minecraft:cooked_mutton":29,"sophisticatedbackpacks:diamond_backpack":1,"minecraft:poppy":1,"minecraft:oak_fence_gate":1,"minecraft:arrow":3,"minecraft:beef":18,"minecraft:cherry_fence":6,"minecraft:egg":3,"minecraft:enchanted_book":1,"minecraft:iron_ingot":15,"minecraft:bread":5,"minecraft:wheat_seeds":3,"minecraft:dripstone_block":3,"minecraft:cobblestone":5,"minecraft:apple":4,"minecraft:chainmail_helmet":1,"minecraft:coal":26,"minecraft:mushroom_stew":4,"minecraft:stick":16,"minecraft:diorite":1,"minecraft:torch":2,"minecraft:iron_leggings":2,"minecraft:smooth_basalt":20,"minecraft:spruce_sapling":4,"minecraft:dandelion":1,"minecraft:furnace":2,"minecraft:moss_carpet":1,"minecraft:sweet_berries":138,"minecraft:tuff":13,"minecraft:iron_boots":1,"sophisticatedbackpacks:backpack":2,"minecraft:name_tag":1,"minecraft:potato":12,"minecraft:spruce_planks":9,"minecraft:iron_chestplate":4,"minecraft:andesite":2,"minecraft:mossy_stone_bricks":1,"minecraft:oak_sapling":3,"tombstone:essence_of_undeath":1,"minecraft:bow":1,"minecraft:stone_pickaxe":1},"minecraft:used":{"minecraft:moss_block":8,"minecraft:moss_carpet":8,"minecraft:iron_shovel":649,"minecraft:ladder":7,"minecraft:poppy":9,"minecraft:chest":20,"minecraft:iron_sword":480,"minecraft:grass":4,"minecraft:rotten_flesh":9,"minecraft:mutton":3,"minecraft:tuff":2,"minecraft:big_dripleaf":4,"minecraft:glass":149,"minecraft:lantern":1,"minecraft:cherry_leaves":26,"minecraft:sweet_berries":189,"minecraft:furnace":17,"minecraft:egg":1,"minecraft:mossy_stone_bricks":2,"minecraft:oak_planks":105,"minecraft:stone_pickaxe":256,"minecraft:ender_pearl":1,"minecraft:wooden_pickaxe":59,"minecraft:diamond_axe":258,"minecraft:golden_apple":4,"minecraft:glow_berries":22,"minecraft:black_bed":3,"minecraft:shears":76,"sophisticatedbackpacks:backpack":4,"minecraft:birch_slab":49,"minecraft:bread":25,"minecraft:oak_pressure_plate":3,"minecraft:iron_door":3,"minecraft:birch_log":22,"minecraft:bone_meal":3,"minecraft:oak_fence":15,"minecraft:cherry_boat":3,"minecraft:enchanting_table":3,"minecraft:spruce_planks":10,"minecraft:cooked_chicken":8,"minecraft:oak_door":2,"minecraft:torch":293,"minecraft:dirt":287,"minecraft:anvil":1,"minecraft:glow_lichen":4,"minecraft:iron_hoe":10,"minecraft:wooden_axe":155,"minecraft:chipped_anvil":1,"minecraft:iron_axe":1365,"minecraft:cherry_slab":41,"minecraft:cherry_trapdoor":22,"tombstone:gift":5,"comforts:sleeping_bag_white":19,"minecraft:cooked_beef":33,"minecraft:cobbled_deepslate":70,"minecraft:cherry_fence":32,"minecraft:golden_axe":18,"minecraft:cooked_mutton":33,"minecraft:water_bucket":6,"minecraft:cobblestone_stairs":9,"minecraft:birch_planks":516,"minecraft:baked_potato":24,"minecraft:cherry_planks":266,"minecraft:vine":2,"minecraft:crafting_table":9,"minecraft:white_bed":1,"minecraft:smoker":1,"minecraft:oak_log":5,"minecraft:apple":7,"minecraft:cherry_door":2,"minecraft:oak_button":2,"minecraft:iron_pickaxe":1252,"minecraft:spruce_trapdoor":1,"minecraft:stone_axe":222,"minecraft:pink_petals":18,"minecraft:fishing_rod":10,"minecraft:cobblestone":170,"minecraft:cherry_stairs":81,"minecraft:porkchop":2,"minecraft:cooked_porkchop":14,"minecraft:bucket":10,"minecraft:dandelion":6,"minecraft:birch_stairs":10},"minecraft:killed_by":{"minecraft:creeper":1,"minecraft:vindicator":2,"man:managgresive":4,"minecraft:skeleton":2},"minecraft:crafted":{"minecraft:oak_planks":304,"minecraft:cherry_slab":30,"minecraft:oak_pressure_plate":1,"minecraft:cooked_chicken":19,"minecraft:birch_slab":48,"minecraft:cherry_boat":1,"minecraft:cobblestone_stairs":8,"minecraft:cooked_mutton":79,"minecraft:glass":156,"minecraft:iron_boots":3,"minecraft:chest":22,"minecraft:oak_button":1,"minecraft:iron_door":3,"minecraft:oak_fence":12,"minecraft:cherry_fence":39,"sophisticatedbackpacks:backpack":2,"minecraft:cooked_porkchop":34,"minecraft:crafting_table":4,"minecraft:spruce_planks":84,"minecraft:baked_potato":27,"minecraft:wooden_pickaxe":1,"minecraft:iron_helmet":2,"minecraft:birch_planks":616,"minecraft:iron_chestplate":3,"minecraft:charcoal":21,"sophisticatedbackpacks:diamond_backpack":2,"minecraft:stick":188,"minecraft:iron_ingot":163,"minecraft:iron_pickaxe":7,"minecraft:gold_ingot":62,"minecraft:birch_stairs":8,"minecraft:shears":1,"minecraft:cherry_planks":536,"minecraft:oak_door":3,"minecraft:fishing_rod":1,"minecraft:iron_nugget":9,"comforts:sleeping_bag_white":1,"minecraft:furnace":5,"minecraft:mushroom_stew":4,"minecraft:bone_meal":3,"minecraft:cherry_trapdoor":16,"minecraft:iron_axe":8,"minecraft:ladder":15,"minecraft:iron_hoe":1,"minecraft:cherry_stairs":72,"minecraft:stone_pickaxe":1,"sophisticatedbackpacks:iron_backpack":1,"minecraft:cooked_beef":47,"minecraft:iron_sword":3,"minecraft:bowl":4,"sophisticatedbackpacks:gold_backpack":1,"minecraft:bucket":4,"minecraft:stone_axe":3,"minecraft:oak_fence_gate":1,"minecraft:wooden_axe":4,"minecraft:iron_shovel":3,"minecraft:cherry_door":3,"minecraft:iron_leggings":3,"minecraft:white_bed":1,"minecraft:torch":196},"minecraft:killed":{"minecraft:spider":6,"minecraft:skeleton":11,"minecraft:chicken":29,"minecraft:pig":63,"minecraft:zombie_villager":1,"minecraft:salmon":9,"minecraft:creeper":5,"minecraft:sheep":106,"minecraft:pillager":6,"minecraft:zombie":29,"minecraft:cow":32,"minecraft:vindicator":2,"minecraft:drowned":1,"minecraft:enderman":1}},"DataVersion":3465}