{"stats":{"minecraft:mined":{"minecraft:cobblestone_stairs":1,"minecraft:cherry_log":138,"minecraft:cherry_trapdoor":8,"minecraft:cave_vines_plant":30,"minecraft:granite":11,"minecraft:grass_block":107,"minecraft:iron_ore":61,"minecraft:barrel":1,"minecraft:pumpkin":2,"minecraft:moss_carpet":5,"minecraft:deepslate_lapis_ore":7,"minecraft:anvil":1,"minecraft:enchanting_table":1,"minecraft:cave_vines":17,"minecraft:azalea":3,"minecraft:deepslate_redstone_ore":18,"minecraft:brown_mushroom":12,"minecraft:smoker":2,"minecraft:powder_snow":55,"minecraft:clay":62,"minecraft:torch":7,"minecraft:blast_furnace":1,"minecraft:poppy":6,"minecraft:cobblestone":148,"minecraft:sugar_cane":13,"minecraft:oak_planks":9,"minecraft:iron_door":1,"minecraft:wall_torch":11,"minecraft:cherry_slab":3,"minecraft:pink_petals":11,"minecraft:powered_rail":1,"minecraft:birch_log":194,"minecraft:cherry_door":1,"minecraft:black_bed":1,"minecraft:grass":66,"minecraft:oak_log":213,"minecraft:sand":158,"minecraft:dirt":289,"minecraft:oak_leaves":67,"minecraft:deepslate":159,"minecraft:diamond_ore":29,"minecraft:tuff":4,"minecraft:mossy_cobblestone":8,"minecraft:deepslate_diamond_ore":2,"minecraft:glow_lichen":6,"minecraft:ladder":1,"minecraft:birch_slab":21,"minecraft:spruce_leaves":42,"minecraft:red_mushroom":21,"minecraft:moss_block":37,"minecraft:large_fern":25,"minecraft:spore_blossom":3,"minecraft:furnace":13,"minecraft:andesite":7,"minecraft:peony":16,"minecraft:big_dripleaf_stem":2,"minecraft:deepslate_iron_ore":28,"minecraft:vine":10,"minecraft:rail":48,"minecraft:lantern":1,"minecraft:stone":261,"minecraft:cherry_stairs":38,"sophisticatedbackpacks:backpack":3,"minecraft:podzol":17,"minecraft:birch_stairs":10,"minecraft:flowering_azalea":17,"minecraft:cherry_planks":32,"minecraft:lily_of_the_valley":17,"minecraft:snow_block":54,"minecraft:dandelion":4,"minecraft:oak_fence":2,"minecraft:crafting_table":5,"minecraft:rose_bush":20,"minecraft:tall_grass":17,"minecraft:deepslate_gold_ore":25,"minecraft:diorite":1,"minecraft:big_dripleaf":5,"minecraft:birch_planks":110,"minecraft:sweet_berry_bush":101,"minecraft:spruce_log":47,"minecraft:birch_leaves":3,"minecraft:bee_nest":2,"minecraft:coal_ore":184,"minecraft:cherry_leaves":15,"minecraft:dripstone_block":5,"minecraft:gravel":6,"minecraft:cobweb":34,"minecraft:cracked_stone_bricks":4,"minecraft:stone_bricks":3,"minecraft:mossy_stone_bricks":6,"minecraft:gold_ore":41,"minecraft:fern":22},"minecraft:picked_up":{"minecraft:anvil":1,"minecraft:enchanted_book":2,"minecraft:string":25,"minecraft:raw_copper":7,"minecraft:pufferfish":2,"minecraft:cherry_boat":2,"portablecraftingtable:portable_crafting_table":1,"minecraft:tnt_minecart":3,"minecraft:cobbled_deepslate":119,"comforts:sleeping_bag_white":11,"minecraft:rose_bush":18,"minecraft:azalea":2,"minecraft:furnace":12,"minecraft:stick":30,"minecraft:big_dripleaf":16,"minecraft:oak_fence":3,"minecraft:torch":52,"minecraft:porkchop":64,"minecraft:cherry_log":134,"tombstone:grave_dust":6,"minecraft:diorite":1,"minecraft:vine":3,"minecraft:golden_chestplate":1,"minecraft:rotten_flesh":29,"minecraft:tropical_fish":1,"minecraft:music_disc_ward":1,"minecraft:cod":5,"minecraft:snowball":96,"minecraft:cobblestone":385,"minecraft:birch_log":191,"minecraft:enchanting_table":1,"minecraft:pink_petals":35,"minecraft:feather":13,"minecraft:cooked_beef":3,"minecraft:cherry_planks":27,"minecraft:iron_door":1,"minecraft:birch_slab":21,"minecraft:andesite":3,"minecraft:black_bed":1,"minecraft:brown_wool":1,"minecraft:golden_leggings":1,"minecraft:smoker":2,"minecraft:tuff":9,"minecraft:cherry_door":1,"minecraft:lantern":1,"minecraft:lapis_lazuli":21,"minecraft:dirt":373,"minecraft:name_tag":2,"minecraft:bone":9,"minecraft:wheat_seeds":17,"minecraft:raw_gold":71,"minecraft:mossy_stone_bricks":2,"minecraft:powered_rail":1,"minecraft:moss_block":33,"minecraft:oak_planks":9,"minecraft:glow_lichen":4,"minecraft:axolotl_bucket":3,"minecraft:sand":156,"minecraft:ink_sac":2,"minecraft:lily_of_the_valley":15,"minecraft:barrel":1,"minecraft:diamond":39,"minecraft:bread":5,"minecraft:oak_sapling":19,"minecraft:cherry_slab":3,"sophisticatedbackpacks:gold_backpack":1,"minecraft:crafting_table":5,"minecraft:chicken":9,"minecraft:ladder":1,"minecraft:clay_ball":299,"minecraft:chest_minecart":1,"minecraft:brown_mushroom":13,"minecraft:moss_carpet":11,"minecraft:detector_rail":1,"minecraft:beef":47,"minecraft:poppy":12,"minecraft:light_gray_wool":3,"minecraft:sugar_cane":24,"minecraft:birch_sapling":7,"minecraft:spruce_trapdoor":2,"minecraft:cherry_trapdoor":8,"minecraft:egg":6,"minecraft:raw_iron":176,"minecraft:cherry_stairs":25,"sophisticatedbackpacks:crafting_upgrade":1,"minecraft:bowl":2,"sophisticatedbackpacks:backpack":5,"minecraft:carrot":1,"minecraft:redstone":78,"minecraft:arrow":9,"minecraft:peony":16,"tombstone:essence_of_undeath":2,"minecraft:mutton":64,"minecraft:glow_berries":21,"minecraft:white_wool":28,"minecraft:rail":59,"minecraft:salmon":6,"minecraft:leather":25,"minecraft:red_mushroom":40,"minecraft:birch_planks":98,"minecraft:oak_log":202,"minecraft:gunpowder":7,"minecraft:cobblestone_stairs":1,"minecraft:apple":5,"minecraft:spore_blossom":3,"minecraft:iron_ingot":78,"minecraft:stone_pickaxe":1,"minecraft:flowering_azalea":17,"minecraft:pumpkin":2,"minecraft:sweet_berries":181,"minecraft:dandelion":7,"minecraft:dripstone_block":3,"minecraft:gravel":4,"minecraft:birch_stairs":10,"minecraft:spruce_sapling":7,"minecraft:spruce_log":47,"minecraft:cherry_sapling":8,"minecraft:gray_wool":2,"tombstone:magic_scroll":1,"minecraft:black_wool":6,"minecraft:coal":272,"minecraft:ender_pearl":1},"minecraft:custom":{"minecraft:interact_with_crafting_table":33,"minecraft:open_barrel":1,"minecraft:leave_game":2,"minecraft:time_since_death":79267,"minecraft:sprint_one_cm":1726798,"minecraft:drop":114,"minecraft:talked_to_villager":5,"minecraft:play_time":536203,"minecraft:deaths":5,"minecraft:jump":6599,"minecraft:walk_on_water_one_cm":81803,"minecraft:interact_with_furnace":153,"minecraft:interact_with_loom":1,"minecraft:sleep_in_bed":18,"minecraft:damage_dealt":20847,"minecraft:player_kills":4,"minecraft:crouch_one_cm":49380,"tombstone:undead_killed":33,"minecraft:interact_with_smoker":22,"minecraft:horse_one_cm":278976,"minecraft:mob_kills":161,"minecraft:interact_with_anvil":2,"minecraft:damage_dealt_resisted":175,"minecraft:climb_one_cm":33332,"minecraft:walk_one_cm":1516563,"minecraft:sneak_time":20228,"minecraft:walk_under_water_one_cm":44056,"minecraft:boat_one_cm":31545,"minecraft:total_world_time":536203,"minecraft:tune_noteblock":7,"minecraft:time_since_rest":20800,"minecraft:damage_taken":7407,"minecraft:swim_one_cm":159713,"minecraft:fly_one_cm":1093600,"minecraft:open_chest":83,"minecraft:fish_caught":9,"minecraft:fall_one_cm":131861},"minecraft:broken":{"minecraft:iron_shovel":2,"minecraft:stone_pickaxe":1,"minecraft:stone_axe":1,"minecraft:wooden_axe":4,"minecraft:wooden_pickaxe":1,"minecraft:golden_axe":1,"minecraft:iron_axe":5,"minecraft:iron_pickaxe":3,"minecraft:iron_helmet":1},"minecraft:dropped":{"minecraft:porkchop":26,"minecraft:cooked_beef":2,"minecraft:diamond":21,"minecraft:cooked_porkchop":8,"minecraft:leather":11,"minecraft:dirt":13,"minecraft:mutton":11,"minecraft:snowball":64,"minecraft:iron_pickaxe":1,"minecraft:stone_axe":2,"minecraft:cobbled_deepslate":27,"minecraft:rotten_flesh":2,"minecraft:oak_planks":1,"minecraft:cooked_mutton":28,"sophisticatedbackpacks:diamond_backpack":1,"minecraft:poppy":1,"minecraft:oak_fence_gate":1,"minecraft:beef":18,"minecraft:cherry_fence":6,"minecraft:egg":3,"minecraft:iron_ingot":15,"minecraft:bread":5,"minecraft:wheat_seeds":3,"minecraft:apple":4,"minecraft:chainmail_helmet":1,"minecraft:coal":26,"minecraft:mushroom_stew":4,"minecraft:stick":16,"minecraft:diorite":1,"minecraft:torch":2,"minecraft:iron_leggings":1,"minecraft:spruce_sapling":4,"minecraft:dandelion":1,"minecraft:furnace":2,"minecraft:sweet_berries":56,"minecraft:tuff":7,"minecraft:iron_boots":1,"sophisticatedbackpacks:backpack":2,"minecraft:name_tag":1,"minecraft:potato":12,"minecraft:spruce_planks":9,"minecraft:iron_chestplate":1,"minecraft:andesite":2,"minecraft:oak_sapling":3,"tombstone:essence_of_undeath":1,"minecraft:bow":1,"minecraft:stone_pickaxe":1},"minecraft:used":{"minecraft:moss_block":8,"minecraft:iron_shovel":513,"minecraft:poppy":9,"minecraft:ladder":1,"minecraft:chest":8,"minecraft:iron_sword":444,"minecraft:rotten_flesh":9,"minecraft:mutton":3,"minecraft:tuff":2,"minecraft:big_dripleaf":2,"minecraft:glass":11,"minecraft:lantern":1,"minecraft:sweet_berries":147,"minecraft:furnace":10,"minecraft:egg":1,"minecraft:mossy_stone_bricks":2,"minecraft:stone_pickaxe":256,"minecraft:oak_planks":91,"minecraft:ender_pearl":1,"minecraft:wooden_pickaxe":59,"minecraft:glow_berries":22,"minecraft:shears":4,"sophisticatedbackpacks:backpack":4,"minecraft:birch_slab":44,"minecraft:bread":25,"minecraft:birch_log":22,"minecraft:cherry_boat":2,"minecraft:oak_fence":15,"minecraft:spruce_planks":10,"minecraft:cooked_chicken":2,"minecraft:oak_door":2,"minecraft:torch":226,"minecraft:dirt":283,"minecraft:anvil":1,"minecraft:iron_hoe":10,"minecraft:wooden_axe":155,"minecraft:iron_axe":1042,"minecraft:cherry_slab":3,"minecraft:cherry_trapdoor":21,"tombstone:gift":4,"comforts:sleeping_bag_white":11,"minecraft:cooked_beef":32,"minecraft:cobbled_deepslate":3,"minecraft:cherry_fence":18,"minecraft:golden_axe":18,"minecraft:cooked_mutton":26,"minecraft:water_bucket":6,"minecraft:cobblestone_stairs":9,"minecraft:birch_planks":516,"minecraft:cherry_planks":263,"minecraft:crafting_table":8,"minecraft:white_bed":1,"minecraft:smoker":1,"minecraft:oak_log":5,"minecraft:cherry_door":2,"minecraft:iron_pickaxe":777,"minecraft:spruce_trapdoor":1,"minecraft:stone_axe":222,"minecraft:fishing_rod":10,"minecraft:cobblestone":170,"minecraft:cherry_stairs":81,"minecraft:porkchop":2,"minecraft:cooked_porkchop":9,"minecraft:bucket":10,"minecraft:dandelion":6,"minecraft:birch_stairs":10},"minecraft:killed_by":{"man:managgresive":3,"minecraft:skeleton":1},"minecraft:crafted":{"minecraft:oak_planks":248,"minecraft:cherry_slab":30,"minecraft:cooked_chicken":8,"minecraft:birch_slab":48,"minecraft:cherry_boat":1,"minecraft:cobblestone_stairs":8,"minecraft:cooked_mutton":62,"minecraft:glass":64,"minecraft:iron_boots":2,"minecraft:chest":10,"minecraft:oak_fence":12,"minecraft:cherry_fence":24,"sophisticatedbackpacks:backpack":2,"minecraft:cooked_porkchop":34,"minecraft:crafting_table":3,"minecraft:spruce_planks":84,"minecraft:wooden_pickaxe":1,"minecraft:iron_helmet":1,"minecraft:birch_planks":616,"minecraft:iron_chestplate":2,"minecraft:charcoal":21,"sophisticatedbackpacks:diamond_backpack":2,"minecraft:stick":188,"minecraft:iron_ingot":163,"minecraft:iron_pickaxe":5,"minecraft:gold_ingot":62,"minecraft:birch_stairs":8,"minecraft:shears":1,"minecraft:cherry_planks":480,"minecraft:oak_door":3,"minecraft:fishing_rod":1,"comforts:sleeping_bag_white":1,"minecraft:furnace":5,"minecraft:mushroom_stew":4,"minecraft:cherry_trapdoor":16,"minecraft:iron_axe":6,"minecraft:iron_hoe":1,"minecraft:cherry_stairs":72,"minecraft:stone_pickaxe":1,"sophisticatedbackpacks:iron_backpack":1,"minecraft:cooked_beef":31,"minecraft:iron_sword":2,"minecraft:bowl":4,"sophisticatedbackpacks:gold_backpack":1,"minecraft:bucket":4,"minecraft:stone_axe":3,"minecraft:oak_fence_gate":1,"minecraft:wooden_axe":4,"minecraft:iron_shovel":2,"minecraft:cherry_door":3,"minecraft:iron_leggings":2,"minecraft:white_bed":1,"minecraft:torch":192},"minecraft:killed":{"minecraft:spider":6,"minecraft:skeleton":7,"minecraft:chicken":9,"minecraft:pig":32,"minecraft:zombie_villager":1,"minecraft:salmon":9,"minecraft:creeper":3,"minecraft:sheep":42,"minecraft:zombie":25,"minecraft:cow":21,"minecraft:enderman":1}},"DataVersion":3465}