{"stats":{"minecraft:mined":{"minecraft:diamond_ore":29,"minecraft:tuff":2,"minecraft:mossy_cobblestone":7,"minecraft:deepslate_diamond_ore":1,"minecraft:cobblestone_stairs":1,"minecraft:cave_vines_plant":30,"minecraft:glow_lichen":4,"minecraft:granite":11,"minecraft:grass_block":28,"minecraft:spruce_leaves":31,"minecraft:moss_block":37,"minecraft:red_mushroom":8,"minecraft:large_fern":2,"minecraft:spore_blossom":3,"minecraft:furnace":6,"minecraft:iron_ore":44,"minecraft:andesite":4,"minecraft:moss_carpet":5,"minecraft:pumpkin":2,"minecraft:deepslate_lapis_ore":4,"minecraft:peony":16,"minecraft:big_dripleaf_stem":2,"minecraft:cave_vines":17,"minecraft:deepslate_iron_ore":20,"minecraft:vine":7,"minecraft:rail":48,"minecraft:azalea":3,"minecraft:stone":253,"sophisticatedbackpacks:backpack":3,"minecraft:podzol":17,"minecraft:deepslate_redstone_ore":18,"minecraft:brown_mushroom":10,"minecraft:flowering_azalea":17,"minecraft:snow_block":11,"minecraft:smoker":1,"minecraft:dandelion":4,"minecraft:powder_snow":54,"minecraft:clay":62,"minecraft:oak_fence":1,"minecraft:crafting_table":5,"minecraft:torch":7,"minecraft:poppy":6,"minecraft:rose_bush":20,"minecraft:tall_grass":7,"minecraft:cobblestone":114,"minecraft:deepslate_gold_ore":16,"minecraft:oak_planks":2,"minecraft:sugar_cane":13,"minecraft:diorite":1,"minecraft:wall_torch":7,"minecraft:big_dripleaf":5,"minecraft:powered_rail":1,"minecraft:birch_log":66,"minecraft:sweet_berry_bush":92,"minecraft:spruce_log":47,"minecraft:birch_leaves":2,"minecraft:bee_nest":2,"minecraft:grass":41,"minecraft:oak_log":115,"minecraft:coal_ore":120,"minecraft:gravel":6,"minecraft:dripstone_block":5,"minecraft:dirt":162,"minecraft:cobweb":27,"minecraft:cracked_stone_bricks":4,"minecraft:stone_bricks":3,"minecraft:gold_ore":41,"minecraft:mossy_stone_bricks":4,"minecraft:oak_leaves":41,"minecraft:deepslate":140,"minecraft:fern":13},"minecraft:picked_up":{"sophisticatedbackpacks:gold_backpack":1,"minecraft:crafting_table":5,"minecraft:chicken":9,"minecraft:clay_ball":299,"minecraft:brown_mushroom":10,"minecraft:enchanted_book":1,"minecraft:string":20,"minecraft:moss_carpet":11,"minecraft:raw_copper":7,"portablecraftingtable:portable_crafting_table":1,"minecraft:tnt_minecart":1,"minecraft:cobbled_deepslate":103,"comforts:sleeping_bag_white":2,"minecraft:beef":29,"minecraft:rose_bush":18,"minecraft:azalea":2,"minecraft:poppy":7,"minecraft:light_gray_wool":1,"minecraft:sugar_cane":24,"minecraft:birch_sapling":7,"minecraft:spruce_trapdoor":2,"minecraft:furnace":5,"minecraft:egg":4,"minecraft:stick":16,"minecraft:raw_iron":89,"minecraft:big_dripleaf":16,"minecraft:oak_fence":1,"minecraft:torch":41,"sophisticatedbackpacks:backpack":5,"minecraft:porkchop":13,"tombstone:grave_dust":6,"minecraft:diorite":1,"minecraft:vine":3,"minecraft:redstone":78,"minecraft:arrow":8,"minecraft:rotten_flesh":19,"minecraft:peony":16,"minecraft:music_disc_ward":1,"tombstone:essence_of_undeath":2,"minecraft:snowball":44,"minecraft:glow_berries":21,"minecraft:mutton":43,"minecraft:rail":48,"minecraft:white_wool":20,"minecraft:cobblestone":350,"minecraft:birch_log":66,"minecraft:feather":13,"minecraft:cooked_beef":3,"minecraft:andesite":2,"minecraft:salmon":5,"minecraft:leather":18,"minecraft:smoker":1,"minecraft:red_mushroom":9,"minecraft:tuff":7,"minecraft:oak_log":111,"minecraft:gunpowder":7,"minecraft:cobblestone_stairs":1,"minecraft:lapis_lazuli":9,"minecraft:dirt":177,"minecraft:bone":5,"minecraft:apple":5,"minecraft:wheat_seeds":8,"minecraft:raw_gold":62,"minecraft:spore_blossom":3,"minecraft:iron_ingot":1,"minecraft:stone_pickaxe":1,"minecraft:powered_rail":1,"minecraft:moss_block":33,"minecraft:oak_planks":1,"minecraft:flowering_azalea":17,"minecraft:glow_lichen":3,"minecraft:pumpkin":2,"minecraft:sweet_berries":164,"minecraft:dandelion":3,"minecraft:dripstone_block":3,"minecraft:gravel":4,"minecraft:spruce_sapling":7,"minecraft:ink_sac":2,"minecraft:spruce_log":47,"minecraft:diamond":35,"minecraft:gray_wool":2,"minecraft:oak_sapling":18,"minecraft:black_wool":3,"minecraft:coal":166},"minecraft:custom":{"minecraft:mob_kills":103,"minecraft:interact_with_crafting_table":29,"minecraft:damage_dealt_resisted":175,"minecraft:leave_game":2,"minecraft:time_since_death":41072,"minecraft:climb_one_cm":18020,"minecraft:sprint_one_cm":995416,"minecraft:walk_one_cm":745710,"minecraft:drop":66,"minecraft:talked_to_villager":5,"minecraft:play_time":278203,"minecraft:sneak_time":3956,"minecraft:deaths":2,"minecraft:walk_under_water_one_cm":34907,"minecraft:jump":3806,"minecraft:walk_on_water_one_cm":52121,"minecraft:total_world_time":278203,"minecraft:interact_with_furnace":106,"minecraft:tune_noteblock":7,"minecraft:interact_with_loom":1,"minecraft:sleep_in_bed":5,"minecraft:time_since_rest":38673,"minecraft:damage_taken":4787,"minecraft:damage_dealt":12060,"minecraft:swim_one_cm":87377,"minecraft:fly_one_cm":566589,"minecraft:open_chest":47,"minecraft:crouch_one_cm":6594,"tombstone:undead_killed":24,"minecraft:interact_with_smoker":9,"minecraft:fall_one_cm":64397,"minecraft:horse_one_cm":192465},"minecraft:broken":{"minecraft:wooden_pickaxe":1,"minecraft:stone_pickaxe":1,"minecraft:golden_axe":1,"minecraft:stone_axe":1,"minecraft:iron_pickaxe":1,"minecraft:wooden_axe":4},"minecraft:dropped":{"minecraft:iron_ingot":15,"minecraft:wheat_seeds":2,"minecraft:diamond":13,"minecraft:apple":4,"minecraft:stick":8,"minecraft:dirt":13,"minecraft:diorite":1,"minecraft:torch":2,"minecraft:iron_leggings":1,"minecraft:iron_pickaxe":1,"minecraft:spruce_sapling":4,"minecraft:furnace":2,"minecraft:stone_axe":2,"minecraft:sweet_berries":56,"minecraft:cobbled_deepslate":27,"minecraft:tuff":7,"minecraft:rotten_flesh":2,"minecraft:oak_planks":1,"minecraft:iron_boots":1,"sophisticatedbackpacks:backpack":2,"minecraft:cooked_mutton":14,"sophisticatedbackpacks:diamond_backpack":1,"minecraft:poppy":1,"minecraft:spruce_planks":9,"minecraft:iron_chestplate":1,"minecraft:andesite":2,"minecraft:oak_sapling":3,"tombstone:essence_of_undeath":1,"minecraft:stone_pickaxe":1,"minecraft:egg":3},"minecraft:used":{"minecraft:oak_fence":13,"minecraft:iron_shovel":220,"minecraft:poppy":6,"minecraft:chest":8,"minecraft:spruce_planks":10,"minecraft:iron_sword":351,"minecraft:cooked_chicken":2,"minecraft:rotten_flesh":8,"minecraft:oak_door":2,"minecraft:torch":172,"minecraft:dirt":3,"minecraft:mutton":3,"minecraft:wooden_axe":155,"minecraft:iron_axe":140,"minecraft:sweet_berries":112,"minecraft:furnace":8,"tombstone:gift":4,"minecraft:egg":1,"comforts:sleeping_bag_white":2,"minecraft:cooked_beef":27,"minecraft:golden_axe":18,"minecraft:cooked_mutton":23,"minecraft:water_bucket":6,"minecraft:cobblestone_stairs":9,"minecraft:birch_planks":13,"minecraft:oak_planks":88,"minecraft:stone_pickaxe":256,"minecraft:wooden_pickaxe":59,"minecraft:glow_berries":9,"minecraft:crafting_table":7,"minecraft:white_bed":1,"minecraft:shears":4,"minecraft:smoker":1,"sophisticatedbackpacks:backpack":4,"minecraft:bread":3,"minecraft:iron_pickaxe":591,"minecraft:spruce_trapdoor":1,"minecraft:stone_axe":222,"minecraft:cobblestone":85,"minecraft:porkchop":2,"minecraft:bucket":10,"minecraft:dandelion":3},"minecraft:killed_by":{"man:managgresive":1,"minecraft:skeleton":1},"minecraft:crafted":{"minecraft:oak_door":3,"minecraft:oak_planks":216,"comforts:sleeping_bag_white":1,"minecraft:cooked_chicken":2,"minecraft:furnace":5,"minecraft:cobblestone_stairs":8,"minecraft:cooked_mutton":37,"minecraft:iron_boots":2,"minecraft:iron_axe":1,"minecraft:stone_pickaxe":1,"minecraft:chest":10,"minecraft:oak_fence":12,"sophisticatedbackpacks:iron_backpack":1,"minecraft:cooked_beef":24,"sophisticatedbackpacks:backpack":2,"minecraft:cooked_porkchop":9,"minecraft:crafting_table":2,"minecraft:spruce_planks":76,"minecraft:wooden_pickaxe":1,"minecraft:iron_helmet":1,"minecraft:iron_sword":2,"minecraft:bowl":4,"sophisticatedbackpacks:gold_backpack":1,"minecraft:bucket":4,"minecraft:birch_planks":24,"minecraft:stone_axe":3,"minecraft:iron_chestplate":2,"minecraft:charcoal":21,"sophisticatedbackpacks:diamond_backpack":2,"minecraft:stick":80,"minecraft:iron_ingot":104,"minecraft:iron_pickaxe":4,"minecraft:wooden_axe":4,"minecraft:iron_shovel":1,"minecraft:iron_leggings":2,"minecraft:gold_ingot":62,"minecraft:white_bed":1,"minecraft:torch":192,"minecraft:shears":1},"minecraft:killed":{"minecraft:spider":6,"minecraft:skeleton":6,"minecraft:chicken":9,"minecraft:pig":7,"minecraft:salmon":9,"minecraft:creeper":3,"minecraft:sheep":28,"minecraft:zombie":18,"minecraft:cow":13}},"DataVersion":3465}