{"stats":{"minecraft:mined":{"minecraft:white_bed":2,"minecraft:cobblestone_stairs":6,"minecraft:cherry_log":25,"minecraft:spruce_trapdoor":1,"minecraft:granite":19,"minecraft:budding_amethyst":1,"minecraft:grass_block":56,"minecraft:yellow_carpet":6,"minecraft:oak_pressure_plate":1,"minecraft:composter":2,"minecraft:spawner":1,"minecraft:iron_ore":79,"minecraft:cobbled_deepslate":4,"minecraft:deepslate_lapis_ore":13,"minecraft:azure_bluet":1,"minecraft:pointed_dripstone":2,"minecraft:oak_stairs":36,"minecraft:green_carpet":2,"minecraft:deepslate_redstone_ore":5,"minecraft:torch":43,"minecraft:blast_furnace":2,"minecraft:poppy":5,"minecraft:chest":14,"minecraft:cobblestone":24,"minecraft:oak_planks":22,"minecraft:wall_torch":22,"minecraft:amethyst_block":1,"minecraft:pink_petals":5,"minecraft:wheat":82,"minecraft:black_bed":4,"minecraft:grass":405,"minecraft:oak_log":24,"minecraft:beetroots":3,"minecraft:sand":13,"minecraft:dirt":48,"minecraft:smooth_basalt":1,"minecraft:oak_leaves":20,"minecraft:deepslate":285,"minecraft:tuff":27,"minecraft:mossy_cobblestone":3,"minecraft:deepslate_diamond_ore":5,"minecraft:oak_door":10,"minecraft:ladder":1,"minecraft:spruce_leaves":13,"minecraft:large_fern":2,"minecraft:hay_block":7,"minecraft:furnace":12,"minecraft:carrots":37,"minecraft:gold_block":1,"minecraft:potatoes":6,"minecraft:deepslate_iron_ore":81,"minecraft:rail":4,"minecraft:stone":202,"minecraft:cherry_planks":2,"minecraft:dandelion":14,"minecraft:oak_fence":3,"minecraft:crafting_table":6,"minecraft:cornflower":6,"minecraft:copper_ore":1,"minecraft:tall_grass":52,"minecraft:deepslate_gold_ore":12,"minecraft:lapis_ore":6,"minecraft:diorite":3,"minecraft:blue_bed":7,"minecraft:redstone_torch":2,"minecraft:sweet_berry_bush":4,"minecraft:spruce_log":15,"minecraft:birch_leaves":6,"minecraft:coal_ore":42,"minecraft:cherry_leaves":1,"minecraft:gravel":2,"minecraft:cobweb":30,"minecraft:cracked_stone_bricks":14,"minecraft:stone_bricks":17,"minecraft:mossy_stone_bricks":14,"minecraft:chipped_anvil":1},"minecraft:picked_up":{"minecraft:iron_chestplate":1,"minecraft:wheat":37,"minecraft:oak_stairs":34,"minecraft:enchanted_book":1,"tombstone:grave_key":1,"minecraft:string":36,"minecraft:raw_copper":2,"minecraft:iron_leggings":1,"minecraft:beetroot":1,"minecraft:cobbled_deepslate":285,"minecraft:bucket":1,"minecraft:spruce_planks":9,"minecraft:redstone_torch":2,"minecraft:iron_pickaxe":3,"minecraft:iron_boots":1,"minecraft:furnace":15,"minecraft:stick":33,"minecraft:composter":2,"minecraft:oak_fence":37,"minecraft:torch":72,"minecraft:porkchop":3,"minecraft:cherry_log":24,"tombstone:grave_dust":3,"minecraft:pointed_dripstone":2,"minecraft:diorite":3,"minecraft:rotten_flesh":29,"minecraft:snowball":3,"minecraft:cobblestone":231,"minecraft:pink_petals":21,"minecraft:feather":8,"minecraft:cooked_beef":3,"minecraft:cherry_planks":2,"minecraft:andesite":2,"minecraft:brown_wool":1,"minecraft:black_bed":4,"minecraft:potato":33,"minecraft:flint":3,"minecraft:tuff":22,"minecraft:cherry_fence":6,"minecraft:dirt":171,"minecraft:lapis_lazuli":134,"minecraft:name_tag":2,"minecraft:bone":12,"minecraft:bow":2,"minecraft:wheat_seeds":208,"minecraft:raw_gold":11,"minecraft:mossy_stone_bricks":3,"minecraft:oak_planks":25,"minecraft:cooked_porkchop":7,"minecraft:oak_pressure_plate":1,"minecraft:sand":12,"minecraft:mossy_cobblestone":2,"minecraft:bundle":1,"minecraft:yellow_carpet":6,"comforts:sleeping_bag_blue":16,"minecraft:diamond":20,"minecraft:granite":32,"minecraft:bone_meal":11,"minecraft:oak_sapling":18,"minecraft:charcoal":6,"minecraft:crafting_table":6,"minecraft:azure_bluet":1,"minecraft:chicken":9,"minecraft:gold_block":1,"minecraft:cornflower":8,"minecraft:iron_axe":1,"minecraft:cracked_stone_bricks":6,"minecraft:beef":33,"minecraft:poppy":8,"minecraft:light_gray_wool":2,"minecraft:sugar_cane":2,"minecraft:chest":14,"minecraft:birch_sapling":11,"minecraft:egg":8,"minecraft:raw_iron":152,"minecraft:oak_door":10,"sophisticatedbackpacks:backpack":3,"minecraft:carrot":90,"minecraft:redstone":24,"minecraft:arrow":6,"minecraft:beetroot_seeds":4,"minecraft:hay_block":7,"minecraft:mutton":32,"minecraft:white_wool":14,"minecraft:rail":4,"minecraft:leather":33,"minecraft:mushroom_stew":2,"minecraft:oak_log":31,"minecraft:chainmail_chestplate":1,"minecraft:gunpowder":5,"minecraft:cobblestone_stairs":6,"minecraft:blue_bed":7,"minecraft:cooked_mutton":29,"minecraft:apple":6,"minecraft:stone_bricks":6,"minecraft:iron_ingot":25,"minecraft:stone_pickaxe":1,"sophisticatedbackpacks:diamond_backpack":1,"minecraft:oak_slab":3,"minecraft:sweet_berries":40,"minecraft:dandelion":19,"minecraft:gravel":13,"minecraft:spruce_sapling":2,"minecraft:blast_furnace":3,"minecraft:white_bed":2,"minecraft:spruce_log":16,"minecraft:green_carpet":2,"minecraft:spider_eye":2,"minecraft:pumpkin_seeds":1,"minecraft:stone_axe":4,"minecraft:baked_potato":1,"tombstone:magic_scroll":3,"minecraft:coal":91},"minecraft:custom":{"minecraft:animals_bred":14,"minecraft:interact_with_crafting_table":39,"minecraft:open_barrel":1,"minecraft:bell_ring":1,"minecraft:leave_game":8,"minecraft:time_since_death":1755,"minecraft:sprint_one_cm":1756953,"minecraft:drop":130,"minecraft:talked_to_villager":31,"minecraft:play_time":502796,"minecraft:deaths":17,"minecraft:jump":7578,"minecraft:walk_on_water_one_cm":60098,"minecraft:interact_with_furnace":124,"minecraft:interact_with_cartography_table":1,"minecraft:interact_with_loom":1,"minecraft:sleep_in_bed":28,"minecraft:damage_dealt":13243,"minecraft:crouch_one_cm":5582,"tombstone:undead_killed":31,"tombstone:villager_killed":1,"minecraft:interact_with_smoker":1,"minecraft:horse_one_cm":91736,"minecraft:mob_kills":89,"minecraft:interact_with_anvil":3,"minecraft:damage_dealt_resisted":229,"minecraft:climb_one_cm":31412,"minecraft:walk_one_cm":1045740,"minecraft:damage_dealt_absorbed":72,"minecraft:sneak_time":2353,"minecraft:walk_under_water_one_cm":35171,"minecraft:interact_with_blast_furnace":11,"minecraft:total_world_time":502796,"minecraft:tune_noteblock":1,"minecraft:interact_with_stonecutter":1,"minecraft:time_since_rest":1615,"minecraft:damage_taken":8503,"minecraft:swim_one_cm":28617,"minecraft:fly_one_cm":1337245,"minecraft:open_chest":192,"minecraft:fall_one_cm":162104},"minecraft:broken":{"minecraft:stone_axe":3,"minecraft:iron_axe":1,"minecraft:iron_pickaxe":2,"minecraft:iron_helmet":1},"minecraft:dropped":{"minecraft:brown_mushroom":1,"minecraft:cooked_beef":3,"minecraft:baked_potato":7,"minecraft:diamond":1,"minecraft:cooked_porkchop":5,"minecraft:leather":6,"sophisticatedbackpacks:gold_backpack":1,"minecraft:dirt":11,"comforts:sleeping_bag_blue":6,"minecraft:axolotl_bucket":3,"minecraft:iron_pickaxe":4,"minecraft:bone":7,"minecraft:gravel":3,"minecraft:stone_axe":4,"minecraft:sugar_cane":5,"minecraft:cobbled_deepslate":1,"minecraft:rotten_flesh":10,"minecraft:cooked_mutton":9,"sophisticatedbackpacks:diamond_backpack":1,"minecraft:chainmail_chestplate":1,"minecraft:gunpowder":2,"portablecraftingtable:portable_crafting_table":1,"minecraft:egg":1,"minecraft:iron_ingot":1,"minecraft:bread":9,"minecraft:wheat_seeds":9,"minecraft:iron_helmet":1,"minecraft:feather":1,"minecraft:book":4,"minecraft:coal":50,"minecraft:stick":8,"tombstone:magic_scroll":2,"minecraft:torch":1,"tombstone:grave_key":1,"tombstone:grave_dust":2,"minecraft:iron_leggings":1,"minecraft:iron_axe":1,"sophisticatedbackpacks:crafting_upgrade":2,"minecraft:string":2,"minecraft:bucket":1,"minecraft:raw_copper":2,"minecraft:bowl":2,"minecraft:raw_iron":15,"minecraft:light_gray_wool":1,"minecraft:iron_boots":1,"sophisticatedbackpacks:backpack":1,"minecraft:name_tag":3,"minecraft:iron_chestplate":1,"minecraft:oak_sapling":3,"minecraft:stone_pickaxe":4,"minecraft:raw_gold":7},"minecraft:used":{"minecraft:beetroot":1,"minecraft:poppy":4,"minecraft:ladder":1,"minecraft:chest":12,"minecraft:iron_sword":35,"minecraft:iron_chestplate":2,"minecraft:carrot":53,"minecraft:axolotl_bucket":3,"minecraft:azure_bluet":1,"minecraft:glass":3,"minecraft:lava_bucket":2,"minecraft:iron_helmet":1,"minecraft:furnace":20,"minecraft:beetroot_seeds":2,"minecraft:egg":1,"minecraft:potato":34,"minecraft:diorite":1,"minecraft:stone_pickaxe":226,"minecraft:oak_planks":74,"minecraft:wooden_pickaxe":32,"minecraft:composter":3,"minecraft:blue_bed":7,"minecraft:golden_apple":1,"minecraft:mushroom_stew":2,"minecraft:blast_furnace":3,"comforts:sleeping_bag_blue":11,"minecraft:black_bed":4,"minecraft:bread":4,"minecraft:gravel":5,"minecraft:bone_meal":11,"minecraft:cobweb":8,"minecraft:oak_fence":25,"minecraft:wooden_shovel":48,"minecraft:cooked_chicken":10,"minecraft:oak_door":10,"minecraft:torch":82,"minecraft:dirt":135,"minecraft:wheat":15,"minecraft:yellow_carpet":3,"minecraft:granite":4,"minecraft:iron_hoe":91,"minecraft:wooden_axe":19,"minecraft:iron_axe":280,"minecraft:oak_stairs":25,"minecraft:iron_boots":1,"tombstone:gift":8,"minecraft:cooked_beef":18,"minecraft:cobbled_deepslate":158,"minecraft:iron_leggings":1,"minecraft:pointed_dripstone":1,"minecraft:wheat_seeds":192,"minecraft:cooked_mutton":23,"minecraft:water_bucket":126,"minecraft:cobblestone_stairs":14,"minecraft:baked_potato":8,"minecraft:cherry_planks":36,"torchbandolier:torch_bandolier":10,"minecraft:cracked_stone_bricks":6,"minecraft:crafting_table":3,"minecraft:white_bed":2,"minecraft:apple":6,"minecraft:iron_pickaxe":696,"tombstone:magic_scroll":1,"minecraft:stone_axe":268,"minecraft:pink_petals":21,"minecraft:green_carpet":2,"minecraft:cobblestone":112,"minecraft:cooked_porkchop":14,"minecraft:bucket":131,"minecraft:dandelion":19,"minecraft:diamond_leggings":1},"minecraft:killed_by":{"minecraft:creeper":2,"man:managgresive":1,"minecraft:zombie":1,"minecraft:player":3,"minecraft:enderman":1,"minecraft:skeleton":6},"minecraft:crafted":{"minecraft:oak_planks":76,"minecraft:cherry_slab":12,"minecraft:cooked_chicken":10,"minecraft:cobblestone_stairs":8,"sophisticatedbackpacks:crafting_upgrade":3,"minecraft:cooked_mutton":4,"minecraft:glass":11,"minecraft:diamond_leggings":1,"minecraft:iron_boots":1,"minecraft:chest":2,"minecraft:wooden_shovel":1,"sophisticatedbackpacks:backpack":2,"minecraft:cooked_porkchop":3,"minecraft:crafting_table":3,"minecraft:spruce_planks":68,"minecraft:wooden_pickaxe":1,"minecraft:baked_potato":14,"minecraft:iron_helmet":1,"sophisticatedbackpacks:upgrade_base":3,"minecraft:iron_chestplate":1,"sophisticatedbackpacks:diamond_backpack":1,"minecraft:stick":60,"minecraft:iron_ingot":84,"minecraft:iron_pickaxe":4,"minecraft:gold_ingot":13,"minecraft:composter":1,"minecraft:cherry_planks":96,"minecraft:furnace":5,"minecraft:iron_axe":2,"minecraft:iron_hoe":1,"minecraft:stone_pickaxe":4,"comforts:sleeping_bag_blue":2,"torchbandolier:torch_bandolier":1,"minecraft:wheat":63,"sophisticatedbackpacks:iron_backpack":2,"minecraft:cooked_beef":38,"minecraft:red_dye":2,"minecraft:iron_sword":1,"sophisticatedbackpacks:gold_backpack":3,"minecraft:bucket":1,"minecraft:stone_axe":3,"minecraft:air":0,"minecraft:blue_dye":8,"minecraft:wooden_axe":1,"minecraft:blue_wool":6,"torchbandolier:empty_torch_bandolier":1,"minecraft:torch":16,"portablecraftingtable:portable_crafting_table":2},"minecraft:killed":{"minecraft:cave_spider":1,"minecraft:spider":6,"minecraft:skeleton":9,"minecraft:chicken":9,"minecraft:wolf":1,"minecraft:pig":2,"minecraft:zombie_villager":1,"minecraft:creeper":4,"minecraft:sheep":15,"minecraft:zombie":21,"minecraft:donkey":1,"minecraft:cow":16,"minecraft:horse":1,"minecraft:villager":1}},"DataVersion":3465}