{"stats":{"minecraft:crafted":{"minecraft:cooked_chicken":9,"minecraft:furnace":2,"minecraft:cobblestone_stairs":8,"minecraft:cooked_mutton":3,"minecraft:stone_pickaxe":2,"comforts:sleeping_bag_blue":1,"torchbandolier:torch_bandolier":1,"sophisticatedbackpacks:iron_backpack":1,"minecraft:cooked_beef":20,"minecraft:red_dye":2,"sophisticatedbackpacks:backpack":2,"minecraft:crafting_table":1,"minecraft:spruce_planks":68,"minecraft:iron_helmet":1,"minecraft:wooden_pickaxe":1,"sophisticatedbackpacks:gold_backpack":2,"minecraft:bucket":1,"minecraft:stone_axe":2,"minecraft:air":0,"minecraft:blue_dye":5,"minecraft:stick":12,"minecraft:iron_ingot":9,"minecraft:iron_pickaxe":1,"minecraft:wooden_axe":1,"minecraft:blue_wool":3,"minecraft:gold_ingot":9,"torchbandolier:empty_torch_bandolier":1,"portablecraftingtable:portable_crafting_table":2},"minecraft:custom":{"minecraft:mob_kills":39,"minecraft:interact_with_crafting_table":28,"minecraft:leave_game":7,"minecraft:time_since_death":64416,"minecraft:climb_one_cm":13165,"minecraft:sprint_one_cm":666452,"minecraft:walk_one_cm":287296,"minecraft:drop":51,"minecraft:talked_to_villager":8,"minecraft:play_time":193369,"minecraft:deaths":6,"minecraft:sneak_time":1693,"minecraft:walk_under_water_one_cm":27873,"minecraft:jump":2923,"minecraft:walk_on_water_one_cm":30085,"minecraft:total_world_time":193369,"minecraft:interact_with_furnace":44,"minecraft:tune_noteblock":1,"minecraft:interact_with_loom":1,"minecraft:interact_with_stonecutter":1,"minecraft:sleep_in_bed":7,"minecraft:time_since_rest":6051,"minecraft:damage_taken":3255,"minecraft:damage_dealt":4744,"minecraft:swim_one_cm":15267,"minecraft:fly_one_cm":567487,"minecraft:open_chest":50,"minecraft:crouch_one_cm":3319,"tombstone:undead_killed":11,"minecraft:fall_one_cm":73569},"minecraft:dropped":{"minecraft:brown_mushroom":1,"minecraft:wheat_seeds":7,"minecraft:cooked_beef":3,"minecraft:diamond":1,"minecraft:feather":1,"minecraft:book":4,"minecraft:leather":6,"minecraft:coal":50,"minecraft:dirt":11,"tombstone:grave_key":1,"comforts:sleeping_bag_blue":3,"tombstone:grave_dust":2,"minecraft:iron_pickaxe":1,"minecraft:string":2,"minecraft:bone":4,"minecraft:gravel":3,"minecraft:stone_axe":4,"minecraft:sugar_cane":5,"minecraft:raw_copper":2,"minecraft:raw_iron":14,"minecraft:rotten_flesh":4,"minecraft:light_gray_wool":1,"sophisticatedbackpacks:backpack":1,"minecraft:gunpowder":2,"minecraft:oak_sapling":3,"portablecraftingtable:portable_crafting_table":1,"minecraft:stone_pickaxe":3,"minecraft:raw_gold":7,"minecraft:egg":1},"minecraft:used":{"minecraft:cooked_chicken":9,"minecraft:oak_door":4,"minecraft:iron_chestplate":1,"minecraft:torch":23,"minecraft:dirt":56,"minecraft:wooden_axe":19,"minecraft:lava_bucket":2,"minecraft:iron_helmet":1,"minecraft:iron_boots":1,"minecraft:furnace":7,"tombstone:gift":4,"minecraft:cooked_beef":15,"minecraft:cobbled_deepslate":57,"minecraft:iron_leggings":1,"minecraft:cooked_mutton":3,"minecraft:water_bucket":53,"minecraft:diorite":1,"minecraft:cobblestone_stairs":14,"minecraft:stone_pickaxe":119,"minecraft:oak_planks":1,"minecraft:wooden_pickaxe":32,"minecraft:blue_bed":4,"torchbandolier:torch_bandolier":1,"minecraft:cracked_stone_bricks":6,"minecraft:crafting_table":2,"minecraft:white_bed":1,"comforts:sleeping_bag_blue":1,"minecraft:apple":6,"minecraft:iron_pickaxe":270,"minecraft:gravel":5,"minecraft:stone_axe":140,"minecraft:cobblestone":67,"minecraft:bucket":56,"minecraft:cobweb":8},"minecraft:broken":{"minecraft:iron_pickaxe":1},"minecraft:picked_up":{"minecraft:crafting_table":3,"minecraft:iron_chestplate":1,"minecraft:chicken":8,"minecraft:gold_block":1,"tombstone:grave_key":1,"minecraft:cornflower":3,"minecraft:string":3,"minecraft:raw_copper":2,"minecraft:iron_leggings":1,"minecraft:cracked_stone_bricks":6,"minecraft:cobbled_deepslate":84,"minecraft:spruce_planks":9,"minecraft:beef":15,"minecraft:poppy":2,"minecraft:iron_pickaxe":1,"minecraft:light_gray_wool":1,"minecraft:sugar_cane":2,"minecraft:birch_sapling":11,"minecraft:furnace":5,"minecraft:egg":2,"minecraft:iron_boots":1,"minecraft:stick":29,"minecraft:raw_iron":49,"minecraft:oak_door":4,"minecraft:torch":27,"sophisticatedbackpacks:backpack":2,"minecraft:porkchop":3,"tombstone:grave_dust":2,"minecraft:diorite":1,"minecraft:redstone":24,"minecraft:arrow":1,"minecraft:rotten_flesh":12,"minecraft:mutton":11,"minecraft:cobblestone":131,"minecraft:snowball":3,"minecraft:rail":4,"minecraft:white_wool":5,"minecraft:feather":6,"minecraft:brown_wool":1,"minecraft:leather":11,"minecraft:flint":3,"minecraft:tuff":19,"minecraft:oak_log":20,"minecraft:gunpowder":2,"minecraft:cobblestone_stairs":6,"minecraft:lapis_lazuli":134,"minecraft:dirt":78,"minecraft:blue_bed":4,"minecraft:cooked_mutton":14,"minecraft:bone":6,"minecraft:apple":6,"minecraft:bow":1,"minecraft:wheat_seeds":8,"minecraft:raw_gold":7,"minecraft:stone_pickaxe":1,"minecraft:iron_ingot":15,"minecraft:mossy_stone_bricks":2,"minecraft:oak_planks":2,"minecraft:oak_slab":3,"minecraft:sweet_berries":40,"minecraft:gravel":13,"minecraft:sand":1,"minecraft:spruce_sapling":2,"minecraft:white_bed":1,"minecraft:spruce_log":16,"minecraft:spider_eye":1,"minecraft:mossy_cobblestone":2,"minecraft:pumpkin_seeds":1,"minecraft:diamond":14,"comforts:sleeping_bag_blue":4,"minecraft:stone_axe":3,"minecraft:granite":17,"minecraft:oak_sapling":17,"minecraft:coal":40},"minecraft:mined":{"minecraft:tuff":24,"minecraft:white_bed":1,"minecraft:mossy_cobblestone":3,"minecraft:deepslate_diamond_ore":5,"minecraft:oak_door":4,"minecraft:cobblestone_stairs":6,"minecraft:spruce_trapdoor":1,"minecraft:granite":7,"minecraft:budding_amethyst":1,"minecraft:grass_block":15,"minecraft:spruce_leaves":13,"minecraft:spawner":1,"minecraft:large_fern":2,"minecraft:furnace":2,"minecraft:iron_ore":47,"minecraft:deepslate_lapis_ore":13,"minecraft:gold_block":1,"minecraft:deepslate_iron_ore":14,"minecraft:rail":4,"minecraft:stone":116,"minecraft:deepslate_redstone_ore":5,"minecraft:crafting_table":3,"minecraft:cornflower":3,"minecraft:torch":13,"minecraft:poppy":1,"minecraft:copper_ore":1,"minecraft:cobblestone":8,"minecraft:lapis_ore":6,"minecraft:deepslate_gold_ore":8,"minecraft:diorite":1,"minecraft:blue_bed":4,"minecraft:wall_torch":11,"minecraft:amethyst_block":1,"minecraft:sweet_berry_bush":4,"minecraft:spruce_log":15,"minecraft:birch_leaves":6,"minecraft:grass":42,"minecraft:oak_log":20,"minecraft:coal_ore":40,"minecraft:gravel":2,"minecraft:sand":1,"minecraft:dirt":14,"minecraft:cracked_stone_bricks":8,"minecraft:smooth_basalt":1,"minecraft:stone_bricks":6,"minecraft:mossy_stone_bricks":7,"minecraft:oak_leaves":13,"minecraft:deepslate":71},"minecraft:killed":{"minecraft:spider":1,"minecraft:skeleton":3,"minecraft:chicken":8,"minecraft:pig":2,"minecraft:zombie_villager":1,"minecraft:sheep":7,"minecraft:donkey":1,"minecraft:zombie":7,"minecraft:cow":8},"minecraft:killed_by":{"minecraft:creeper":2,"minecraft:enderman":1,"minecraft:skeleton":2}},"DataVersion":3465}