{"stats":{"minecraft:mined":{"minecraft:spruce_planks":1,"minecraft:white_bed":3,"minecraft:andesite_stairs":1,"minecraft:cherry_log":25,"minecraft:cobblestone_stairs":6,"minecraft:sculk_vein":4,"minecraft:spruce_trapdoor":1,"minecraft:granite":19,"minecraft:budding_amethyst":1,"minecraft:grass_block":58,"minecraft:yellow_carpet":6,"minecraft:oak_pressure_plate":1,"minecraft:composter":2,"minecraft:spawner":2,"minecraft:sculk_catalyst":2,"minecraft:iron_ore":93,"minecraft:cobbled_deepslate":6,"minecraft:deepslate_lapis_ore":13,"minecraft:azure_bluet":1,"minecraft:pointed_dripstone":2,"minecraft:water_cauldron":4,"minecraft:oak_stairs":36,"minecraft:green_carpet":2,"minecraft:deepslate_redstone_ore":5,"minecraft:blackstone":9,"minecraft:powder_snow":12,"minecraft:torch":52,"minecraft:blast_furnace":2,"minecraft:poppy":5,"minecraft:chest":14,"minecraft:cobblestone":33,"minecraft:sugar_cane":3,"minecraft:oak_planks":29,"minecraft:wall_torch":25,"minecraft:amethyst_block":1,"minecraft:pink_petals":5,"minecraft:wheat":118,"minecraft:black_bed":4,"minecraft:grass":406,"minecraft:oak_log":24,"minecraft:beetroots":3,"minecraft:sand":13,"minecraft:dirt":90,"minecraft:smooth_basalt":1,"minecraft:oak_leaves":84,"minecraft:deepslate":352,"minecraft:tuff":32,"minecraft:mossy_cobblestone":3,"minecraft:deepslate_diamond_ore":12,"minecraft:oak_door":10,"minecraft:ladder":1,"minecraft:spruce_leaves":18,"minecraft:large_fern":2,"minecraft:hay_block":28,"minecraft:furnace":12,"minecraft:carrots":56,"minecraft:gold_block":1,"minecraft:potatoes":24,"minecraft:deepslate_iron_ore":87,"minecraft:rail":4,"minecraft:stripped_oak_log":1,"minecraft:stone":210,"minecraft:cherry_planks":2,"minecraft:dandelion":14,"minecraft:oak_fence":4,"minecraft:crafting_table":6,"minecraft:cornflower":6,"minecraft:tall_grass":55,"minecraft:copper_ore":1,"minecraft:lapis_ore":6,"minecraft:deepslate_gold_ore":12,"minecraft:sculk":235,"minecraft:diorite":3,"minecraft:blue_bed":7,"minecraft:birch_planks":2,"minecraft:redstone_torch":2,"minecraft:sweet_berry_bush":4,"minecraft:ice":1,"minecraft:spruce_log":15,"minecraft:birch_leaves":6,"minecraft:coal_ore":79,"minecraft:cherry_leaves":1,"minecraft:gravel":6,"minecraft:cobweb":67,"minecraft:cracked_stone_bricks":18,"minecraft:stone_bricks":22,"minecraft:mossy_stone_bricks":15,"minecraft:chipped_anvil":1},"minecraft:picked_up":{"minecraft:iron_chestplate":1,"minecraft:wheat":70,"minecraft:oak_stairs":34,"minecraft:enchanted_book":1,"tombstone:grave_key":1,"minecraft:string":80,"minecraft:raw_copper":2,"minecraft:cooked_salmon":1,"minecraft:iron_leggings":1,"minecraft:beetroot":1,"minecraft:tnt_minecart":1,"minecraft:cobbled_deepslate":359,"minecraft:bucket":1,"minecraft:spruce_planks":9,"minecraft:redstone_torch":3,"minecraft:iron_pickaxe":4,"minecraft:furnace":15,"minecraft:iron_boots":1,"minecraft:stick":37,"minecraft:composter":2,"minecraft:oak_fence":39,"minecraft:torch":87,"minecraft:spruce_stairs":1,"minecraft:porkchop":3,"minecraft:cherry_log":24,"minecraft:pointed_dripstone":2,"tombstone:grave_dust":5,"minecraft:diorite":3,"minecraft:cauldron":4,"minecraft:rotten_flesh":35,"minecraft:cod":1,"minecraft:snowball":3,"minecraft:cobblestone":247,"minecraft:pink_petals":21,"minecraft:cooked_beef":4,"minecraft:feather":8,"minecraft:cherry_planks":2,"minecraft:andesite":2,"minecraft:black_bed":4,"minecraft:brown_wool":1,"minecraft:potato":93,"minecraft:flint":3,"minecraft:tuff":26,"minecraft:cherry_fence":6,"minecraft:lapis_lazuli":134,"minecraft:dirt":211,"minecraft:name_tag":2,"minecraft:bone":12,"minecraft:bow":2,"minecraft:wheat_seeds":297,"minecraft:raw_gold":11,"minecraft:mossy_stone_bricks":6,"minecraft:stone_hoe":1,"minecraft:oak_planks":42,"minecraft:cooked_porkchop":7,"minecraft:oak_pressure_plate":1,"minecraft:sand":12,"minecraft:grass_block":2,"minecraft:mossy_cobblestone":2,"minecraft:bundle":1,"minecraft:yellow_carpet":6,"minecraft:diamond":31,"comforts:sleeping_bag_blue":21,"minecraft:crossbow":1,"minecraft:granite":32,"minecraft:bone_meal":11,"minecraft:oak_sapling":22,"minecraft:charcoal":6,"minecraft:crafting_table":6,"minecraft:azure_bluet":1,"minecraft:chicken":9,"minecraft:gold_block":1,"minecraft:cornflower":8,"minecraft:iron_axe":2,"minecraft:blackstone":9,"minecraft:cracked_stone_bricks":9,"minecraft:beef":33,"minecraft:poppy":8,"minecraft:light_gray_wool":2,"minecraft:sugar_cane":12,"minecraft:chest":14,"minecraft:birch_sapling":11,"minecraft:egg":8,"minecraft:raw_iron":169,"minecraft:oak_door":10,"sophisticatedbackpacks:backpack":3,"minecraft:carrot":151,"minecraft:redstone":24,"minecraft:arrow":6,"minecraft:beetroot_seeds":4,"minecraft:hay_block":28,"minecraft:mutton":32,"minecraft:white_wool":14,"minecraft:rail":5,"minecraft:stripped_oak_log":1,"minecraft:salmon":1,"minecraft:leather":33,"minecraft:birch_planks":2,"minecraft:mushroom_stew":2,"minecraft:lily_pad":1,"minecraft:oak_log":31,"minecraft:chainmail_chestplate":1,"minecraft:gunpowder":7,"minecraft:cobblestone_stairs":6,"minecraft:blue_bed":7,"minecraft:white_banner":1,"minecraft:cooked_mutton":29,"minecraft:apple":12,"minecraft:stone_bricks":9,"minecraft:stone_pickaxe":1,"minecraft:iron_ingot":25,"minecraft:iron_sword":2,"sophisticatedbackpacks:diamond_backpack":1,"minecraft:oak_slab":3,"minecraft:sweet_berries":40,"minecraft:dandelion":19,"minecraft:dripstone_block":4,"minecraft:gravel":17,"minecraft:spruce_sapling":2,"minecraft:blast_furnace":3,"minecraft:white_bed":3,"minecraft:spruce_log":16,"minecraft:green_carpet":17,"minecraft:spider_eye":4,"minecraft:pumpkin_seeds":1,"minecraft:stone_axe":4,"tombstone:magic_scroll":3,"minecraft:baked_potato":1,"minecraft:dark_oak_wood":1,"minecraft:coal":128,"minecraft:ender_pearl":1},"minecraft:custom":{"minecraft:animals_bred":14,"minecraft:interact_with_crafting_table":39,"minecraft:open_barrel":4,"minecraft:bell_ring":2,"minecraft:leave_game":12,"minecraft:time_since_death":1784,"minecraft:sprint_one_cm":2563393,"minecraft:drop":393,"minecraft:talked_to_villager":34,"minecraft:play_time":681178,"minecraft:deaths":33,"tombstone:tomb_raiding":1,"minecraft:jump":11188,"minecraft:walk_on_water_one_cm":85124,"minecraft:interact_with_furnace":143,"minecraft:interact_with_cartography_table":1,"minecraft:interact_with_loom":1,"minecraft:sleep_in_bed":35,"minecraft:damage_dealt":19018,"minecraft:player_kills":1,"minecraft:crouch_one_cm":11546,"tombstone:undead_killed":37,"tombstone:villager_killed":1,"minecraft:interact_with_smoker":1,"minecraft:horse_one_cm":91736,"minecraft:interact_with_anvil":3,"minecraft:mob_kills":115,"minecraft:damage_dealt_resisted":233,"minecraft:climb_one_cm":35963,"minecraft:walk_one_cm":1386997,"minecraft:damage_dealt_absorbed":72,"minecraft:sneak_time":4920,"minecraft:walk_under_water_one_cm":60731,"minecraft:interact_with_blast_furnace":11,"minecraft:total_world_time":681178,"tombstone:raider_killed":12,"minecraft:tune_noteblock":1,"minecraft:raid_trigger":1,"minecraft:interact_with_stonecutter":1,"minecraft:time_since_rest":1608,"minecraft:damage_taken":15795,"minecraft:swim_one_cm":63362,"minecraft:fly_one_cm":1991317,"minecraft:open_chest":273,"minecraft:fish_caught":1,"minecraft:fall_one_cm":261149},"minecraft:broken":{"minecraft:iron_boots":1,"minecraft:iron_chestplate":1,"minecraft:stone_pickaxe":1,"minecraft:stone_axe":3,"minecraft:iron_hoe":1,"minecraft:stone_hoe":1,"minecraft:iron_axe":1,"minecraft:iron_pickaxe":2,"minecraft:iron_helmet":1},"minecraft:dropped":{"minecraft:iron_sword":2,"minecraft:brown_mushroom":1,"minecraft:diamond_axe":2,"minecraft:cooked_beef":14,"minecraft:baked_potato":7,"minecraft:diamond":2,"minecraft:cooked_porkchop":5,"minecraft:crossbow":1,"minecraft:leather":6,"sophisticatedbackpacks:gold_backpack":1,"minecraft:dirt":63,"minecraft:tnt_minecart":1,"comforts:sleeping_bag_blue":7,"minecraft:axolotl_bucket":3,"minecraft:iron_pickaxe":7,"minecraft:birch_log":1,"minecraft:bone":10,"minecraft:gravel":3,"minecraft:blackstone":9,"minecraft:stone_axe":4,"minecraft:goat_horn":1,"minecraft:sugar_cane":5,"minecraft:cobbled_deepslate":7,"tombstone:gift":1,"minecraft:rotten_flesh":10,"minecraft:oak_planks":1,"minecraft:cooked_mutton":25,"sophisticatedbackpacks:diamond_backpack":2,"minecraft:chainmail_chestplate":1,"minecraft:gunpowder":2,"portablecraftingtable:portable_crafting_table":1,"minecraft:arrow":1,"minecraft:egg":1,"minecraft:iron_ingot":1,"minecraft:stone_hoe":1,"minecraft:bread":9,"minecraft:wheat_seeds":9,"minecraft:oak_fence":1,"minecraft:feather":1,"minecraft:iron_helmet":2,"minecraft:book":4,"minecraft:grass_block":1,"minecraft:coal":84,"minecraft:stick":8,"minecraft:cobweb":2,"tombstone:magic_scroll":2,"minecraft:torch":13,"minecraft:wooden_hoe":1,"tombstone:grave_key":1,"tombstone:grave_dust":7,"minecraft:green_carpet":2,"minecraft:iron_leggings":2,"minecraft:white_banner":2,"minecraft:iron_axe":1,"sophisticatedbackpacks:crafting_upgrade":2,"minecraft:string":25,"minecraft:bucket":1,"minecraft:sweet_berries":16,"minecraft:raw_copper":2,"minecraft:bowl":2,"minecraft:tuff":1,"minecraft:raw_iron":31,"minecraft:light_gray_wool":1,"minecraft:iron_boots":2,"sophisticatedbackpacks:backpack":1,"minecraft:name_tag":3,"minecraft:potato":27,"minecraft:iron_chestplate":1,"minecraft:oak_sapling":3,"minecraft:bow":1,"minecraft:stone_pickaxe":4,"minecraft:raw_gold":8},"minecraft:used":{"minecraft:beetroot":1,"minecraft:ladder":1,"minecraft:poppy":4,"minecraft:chest":12,"minecraft:iron_sword":103,"minecraft:rotten_flesh":3,"minecraft:iron_chestplate":2,"minecraft:carrot":72,"minecraft:axolotl_bucket":3,"minecraft:azure_bluet":1,"minecraft:glass":3,"minecraft:lava_bucket":4,"minecraft:dark_oak_wood":1,"minecraft:iron_helmet":2,"minecraft:oak_sapling":4,"minecraft:furnace":20,"minecraft:beetroot_seeds":2,"minecraft:egg":1,"minecraft:potato":53,"minecraft:diorite":1,"minecraft:stone_pickaxe":237,"minecraft:oak_planks":74,"minecraft:wooden_pickaxe":32,"minecraft:composter":3,"minecraft:diamond_axe":18,"minecraft:blue_bed":7,"minecraft:golden_apple":1,"minecraft:mushroom_stew":2,"minecraft:blast_furnace":3,"comforts:sleeping_bag_blue":17,"minecraft:black_bed":4,"minecraft:dripstone_block":4,"minecraft:bread":22,"minecraft:gravel":7,"minecraft:bone_meal":11,"minecraft:cobweb":8,"minecraft:oak_fence":25,"minecraft:wooden_shovel":48,"minecraft:cooked_salmon":1,"minecraft:cooked_chicken":11,"minecraft:stone_hoe":131,"minecraft:oak_door":10,"minecraft:torch":105,"minecraft:dirt":135,"minecraft:wheat":16,"minecraft:yellow_carpet":3,"minecraft:granite":4,"minecraft:iron_hoe":254,"minecraft:wooden_axe":19,"minecraft:iron_axe":369,"minecraft:oak_stairs":25,"minecraft:iron_boots":1,"tombstone:gift":8,"minecraft:cooked_beef":32,"minecraft:cobbled_deepslate":185,"minecraft:pointed_dripstone":1,"minecraft:iron_leggings":1,"minecraft:wheat_seeds":231,"minecraft:cooked_mutton":25,"minecraft:water_bucket":184,"minecraft:cobblestone_stairs":14,"minecraft:baked_potato":27,"minecraft:cherry_planks":36,"torchbandolier:torch_bandolier":10,"minecraft:cracked_stone_bricks":6,"minecraft:crafting_table":3,"minecraft:white_bed":2,"minecraft:apple":12,"minecraft:iron_pickaxe":876,"tombstone:magic_scroll":1,"minecraft:stone_axe":268,"minecraft:pink_petals":21,"minecraft:green_carpet":2,"minecraft:fishing_rod":31,"minecraft:cobblestone":120,"minecraft:cooked_porkchop":14,"minecraft:bucket":190,"minecraft:dandelion":19,"minecraft:diamond_leggings":1},"minecraft:killed_by":{"minecraft:creeper":3,"minecraft:pillager":1,"minecraft:vindicator":5,"man:managgresive":4,"minecraft:zombie":1,"minecraft:player":4,"minecraft:enderman":1,"minecraft:warden":2,"minecraft:skeleton":7},"minecraft:crafted":{"minecraft:oak_planks":76,"minecraft:cherry_slab":12,"minecraft:cooked_chicken":10,"minecraft:cobblestone_stairs":8,"sophisticatedbackpacks:crafting_upgrade":3,"minecraft:cooked_mutton":13,"minecraft:glass":11,"minecraft:diamond_leggings":1,"minecraft:iron_boots":2,"minecraft:chest":2,"minecraft:stone_hoe":2,"minecraft:wooden_shovel":1,"sophisticatedbackpacks:backpack":2,"minecraft:cooked_porkchop":3,"minecraft:diamond_axe":2,"minecraft:crafting_table":3,"minecraft:spruce_planks":68,"minecraft:iron_helmet":3,"minecraft:wooden_pickaxe":1,"minecraft:baked_potato":61,"sophisticatedbackpacks:upgrade_base":3,"minecraft:iron_chestplate":1,"minecraft:wooden_hoe":1,"sophisticatedbackpacks:diamond_backpack":1,"minecraft:stick":60,"minecraft:iron_ingot":84,"minecraft:iron_pickaxe":4,"minecraft:gold_ingot":13,"minecraft:composter":1,"minecraft:cherry_planks":96,"minecraft:fishing_rod":1,"minecraft:furnace":5,"minecraft:iron_axe":2,"minecraft:iron_hoe":1,"minecraft:stone_pickaxe":4,"comforts:sleeping_bag_blue":2,"torchbandolier:torch_bandolier":1,"minecraft:wheat":63,"sophisticatedbackpacks:iron_backpack":2,"minecraft:cooked_beef":38,"minecraft:red_dye":2,"minecraft:iron_sword":1,"minecraft:cooked_salmon":4,"sophisticatedbackpacks:gold_backpack":3,"minecraft:bucket":1,"minecraft:stone_axe":3,"minecraft:air":0,"minecraft:blue_dye":8,"minecraft:wooden_axe":1,"minecraft:blue_wool":6,"minecraft:iron_leggings":1,"torchbandolier:empty_torch_bandolier":1,"minecraft:torch":32,"portablecraftingtable:portable_crafting_table":2},"minecraft:killed":{"minecraft:cave_spider":4,"minecraft:spider":7,"minecraft:skeleton":10,"minecraft:chicken":9,"minecraft:wolf":1,"minecraft:pig":2,"minecraft:zombie_villager":1,"minecraft:salmon":2,"minecraft:creeper":4,"minecraft:sheep":15,"minecraft:pillager":10,"minecraft:zombie":26,"minecraft:donkey":1,"minecraft:cow":16,"minecraft:vindicator":2,"minecraft:horse":1,"minecraft:villager":1,"minecraft:enderman":1}},"DataVersion":3465}