{"stats":{"minecraft:mined":{"minecraft:tuff":27,"minecraft:white_bed":1,"minecraft:mossy_cobblestone":3,"minecraft:deepslate_diamond_ore":5,"minecraft:oak_door":4,"minecraft:cobblestone_stairs":6,"minecraft:ladder":1,"minecraft:spruce_trapdoor":1,"minecraft:granite":15,"minecraft:budding_amethyst":1,"minecraft:grass_block":22,"minecraft:spruce_leaves":13,"minecraft:spawner":1,"minecraft:large_fern":2,"minecraft:furnace":8,"minecraft:iron_ore":77,"minecraft:cobbled_deepslate":4,"minecraft:deepslate_lapis_ore":13,"minecraft:gold_block":1,"minecraft:pointed_dripstone":2,"minecraft:deepslate_iron_ore":81,"minecraft:rail":4,"minecraft:stone":174,"minecraft:deepslate_redstone_ore":5,"minecraft:crafting_table":3,"minecraft:cornflower":6,"minecraft:torch":43,"minecraft:poppy":1,"minecraft:copper_ore":1,"minecraft:cobblestone":10,"minecraft:lapis_ore":6,"minecraft:deepslate_gold_ore":12,"minecraft:diorite":2,"minecraft:wall_torch":19,"minecraft:blue_bed":4,"minecraft:amethyst_block":1,"minecraft:redstone_torch":2,"minecraft:sweet_berry_bush":4,"minecraft:spruce_log":15,"minecraft:birch_leaves":6,"minecraft:black_bed":1,"minecraft:grass":45,"minecraft:oak_log":20,"minecraft:coal_ore":40,"minecraft:gravel":2,"minecraft:sand":1,"minecraft:dirt":36,"minecraft:smooth_basalt":1,"minecraft:cracked_stone_bricks":14,"minecraft:stone_bricks":17,"minecraft:mossy_stone_bricks":14,"minecraft:oak_leaves":15,"minecraft:deepslate":285},"minecraft:picked_up":{"minecraft:crafting_table":3,"minecraft:iron_chestplate":1,"minecraft:chicken":9,"minecraft:gold_block":1,"minecraft:enchanted_book":1,"tombstone:grave_key":1,"minecraft:cornflower":6,"minecraft:string":6,"minecraft:raw_copper":2,"minecraft:iron_leggings":1,"minecraft:cracked_stone_bricks":6,"minecraft:cobbled_deepslate":285,"minecraft:bucket":1,"minecraft:spruce_planks":9,"minecraft:beef":22,"minecraft:redstone_torch":2,"minecraft:poppy":4,"minecraft:iron_pickaxe":3,"minecraft:light_gray_wool":2,"minecraft:sugar_cane":2,"minecraft:birch_sapling":11,"minecraft:furnace":11,"minecraft:egg":8,"minecraft:iron_boots":1,"minecraft:stick":29,"minecraft:raw_iron":150,"minecraft:oak_door":4,"minecraft:torch":68,"sophisticatedbackpacks:backpack":3,"minecraft:porkchop":3,"minecraft:pointed_dripstone":2,"tombstone:grave_dust":3,"minecraft:diorite":2,"minecraft:redstone":24,"minecraft:arrow":6,"minecraft:rotten_flesh":28,"minecraft:mutton":15,"minecraft:snowball":3,"minecraft:rail":4,"minecraft:white_wool":7,"minecraft:cobblestone":190,"minecraft:feather":8,"minecraft:andesite":2,"minecraft:black_bed":1,"minecraft:brown_wool":1,"minecraft:leather":17,"minecraft:potato":2,"minecraft:mushroom_stew":2,"minecraft:flint":3,"minecraft:tuff":22,"minecraft:chainmail_chestplate":1,"minecraft:oak_log":27,"minecraft:gunpowder":4,"minecraft:cobblestone_stairs":6,"minecraft:lapis_lazuli":134,"minecraft:dirt":111,"minecraft:blue_bed":4,"minecraft:name_tag":2,"minecraft:cooked_mutton":22,"minecraft:bone":12,"minecraft:apple":6,"minecraft:stone_bricks":6,"minecraft:bow":2,"minecraft:wheat_seeds":14,"minecraft:raw_gold":11,"minecraft:stone_pickaxe":1,"minecraft:iron_ingot":17,"minecraft:mossy_stone_bricks":3,"minecraft:oak_planks":3,"sophisticatedbackpacks:diamond_backpack":1,"minecraft:oak_slab":3,"minecraft:cooked_porkchop":2,"minecraft:sweet_berries":40,"minecraft:gravel":13,"minecraft:sand":1,"minecraft:spruce_sapling":2,"minecraft:blast_furnace":1,"minecraft:white_bed":1,"minecraft:spruce_log":16,"minecraft:spider_eye":1,"minecraft:mossy_cobblestone":2,"minecraft:bundle":1,"minecraft:pumpkin_seeds":1,"minecraft:diamond":20,"comforts:sleeping_bag_blue":11,"minecraft:stone_axe":4,"minecraft:granite":28,"tombstone:magic_scroll":3,"minecraft:oak_sapling":18,"minecraft:coal":48},"minecraft:custom":{"minecraft:interact_with_anvil":3,"minecraft:mob_kills":72,"minecraft:open_barrel":1,"minecraft:interact_with_crafting_table":39,"minecraft:damage_dealt_resisted":229,"minecraft:leave_game":8,"minecraft:time_since_death":748,"minecraft:climb_one_cm":25528,"minecraft:sprint_one_cm":1171926,"minecraft:walk_one_cm":614144,"minecraft:drop":110,"minecraft:damage_dealt_absorbed":72,"minecraft:talked_to_villager":10,"minecraft:play_time":352796,"minecraft:deaths":13,"minecraft:sneak_time":1797,"minecraft:walk_under_water_one_cm":29586,"minecraft:jump":5656,"minecraft:interact_with_blast_furnace":1,"minecraft:walk_on_water_one_cm":44886,"minecraft:total_world_time":352796,"minecraft:interact_with_furnace":96,"minecraft:tune_noteblock":1,"minecraft:interact_with_loom":1,"minecraft:interact_with_stonecutter":1,"minecraft:sleep_in_bed":16,"minecraft:time_since_rest":399,"minecraft:damage_taken":6785,"minecraft:damage_dealt":11060,"minecraft:swim_one_cm":18308,"minecraft:fly_one_cm":910033,"minecraft:open_chest":102,"minecraft:crouch_one_cm":3412,"tombstone:undead_killed":31,"minecraft:interact_with_smoker":1,"minecraft:fall_one_cm":119481,"minecraft:horse_one_cm":91736},"minecraft:broken":{"minecraft:stone_axe":3,"minecraft:iron_pickaxe":2,"minecraft:iron_helmet":1},"minecraft:dropped":{"minecraft:iron_ingot":1,"minecraft:brown_mushroom":1,"minecraft:wheat_seeds":9,"minecraft:cooked_beef":3,"minecraft:diamond":1,"minecraft:cooked_porkchop":5,"minecraft:feather":1,"minecraft:iron_helmet":1,"minecraft:book":4,"minecraft:leather":6,"minecraft:coal":50,"minecraft:stick":8,"sophisticatedbackpacks:gold_backpack":1,"minecraft:dirt":11,"minecraft:torch":1,"tombstone:magic_scroll":2,"tombstone:grave_key":1,"comforts:sleeping_bag_blue":6,"tombstone:grave_dust":2,"minecraft:iron_leggings":1,"minecraft:axolotl_bucket":3,"minecraft:iron_pickaxe":4,"minecraft:string":2,"minecraft:bucket":1,"minecraft:bone":7,"minecraft:gravel":3,"minecraft:stone_axe":4,"minecraft:sugar_cane":5,"minecraft:cobbled_deepslate":1,"minecraft:raw_copper":2,"minecraft:bowl":2,"minecraft:raw_iron":15,"minecraft:rotten_flesh":9,"minecraft:light_gray_wool":1,"minecraft:iron_boots":1,"sophisticatedbackpacks:backpack":1,"minecraft:name_tag":3,"minecraft:cooked_mutton":9,"sophisticatedbackpacks:diamond_backpack":1,"minecraft:chainmail_chestplate":1,"minecraft:gunpowder":2,"minecraft:iron_chestplate":1,"minecraft:oak_sapling":3,"portablecraftingtable:portable_crafting_table":1,"minecraft:stone_pickaxe":4,"minecraft:raw_gold":7,"minecraft:egg":1},"minecraft:used":{"minecraft:cooked_chicken":9,"minecraft:oak_door":4,"minecraft:iron_chestplate":2,"minecraft:torch":82,"minecraft:dirt":57,"minecraft:axolotl_bucket":3,"minecraft:wooden_axe":19,"minecraft:lava_bucket":2,"minecraft:iron_axe":51,"minecraft:iron_helmet":1,"minecraft:iron_boots":1,"minecraft:furnace":12,"tombstone:gift":8,"minecraft:egg":1,"minecraft:potato":3,"minecraft:cooked_beef":17,"minecraft:cobbled_deepslate":124,"minecraft:pointed_dripstone":1,"minecraft:iron_leggings":1,"minecraft:cooked_mutton":17,"minecraft:water_bucket":90,"minecraft:diorite":1,"minecraft:cobblestone_stairs":14,"minecraft:baked_potato":3,"minecraft:stone_pickaxe":208,"minecraft:oak_planks":1,"minecraft:wooden_pickaxe":32,"minecraft:blue_bed":4,"torchbandolier:torch_bandolier":10,"minecraft:cracked_stone_bricks":6,"minecraft:crafting_table":2,"minecraft:mushroom_stew":2,"minecraft:white_bed":1,"comforts:sleeping_bag_blue":6,"minecraft:black_bed":1,"minecraft:apple":6,"minecraft:iron_pickaxe":654,"tombstone:magic_scroll":1,"minecraft:gravel":5,"minecraft:stone_axe":268,"minecraft:cobblestone":97,"minecraft:cooked_porkchop":9,"minecraft:bucket":96,"minecraft:diamond_leggings":1,"minecraft:cobweb":8},"minecraft:crafted":{"minecraft:cooked_chicken":9,"minecraft:furnace":5,"minecraft:cobblestone_stairs":8,"minecraft:cooked_mutton":4,"minecraft:diamond_leggings":1,"minecraft:iron_boots":1,"minecraft:iron_axe":1,"minecraft:stone_pickaxe":4,"comforts:sleeping_bag_blue":2,"torchbandolier:torch_bandolier":1,"sophisticatedbackpacks:iron_backpack":2,"minecraft:cooked_beef":20,"minecraft:red_dye":2,"sophisticatedbackpacks:backpack":2,"minecraft:cooked_porkchop":3,"minecraft:crafting_table":1,"minecraft:baked_potato":7,"minecraft:spruce_planks":68,"minecraft:iron_helmet":1,"minecraft:wooden_pickaxe":1,"sophisticatedbackpacks:gold_backpack":3,"minecraft:bucket":1,"minecraft:stone_axe":3,"minecraft:air":0,"minecraft:blue_dye":8,"minecraft:iron_chestplate":1,"sophisticatedbackpacks:diamond_backpack":1,"minecraft:stick":24,"minecraft:iron_ingot":84,"minecraft:iron_pickaxe":3,"minecraft:wooden_axe":1,"minecraft:blue_wool":6,"minecraft:gold_ingot":9,"torchbandolier:empty_torch_bandolier":1,"minecraft:torch":16,"portablecraftingtable:portable_crafting_table":2},"minecraft:killed_by":{"minecraft:player":2,"minecraft:creeper":2,"minecraft:enderman":1,"minecraft:skeleton":6,"minecraft:zombie":1},"minecraft:killed":{"minecraft:spider":4,"minecraft:horse":1,"minecraft:skeleton":9,"minecraft:chicken":9,"minecraft:wolf":1,"minecraft:pig":2,"minecraft:zombie_villager":1,"minecraft:creeper":2,"minecraft:sheep":8,"minecraft:donkey":1,"minecraft:zombie":21,"minecraft:cow":12}},"DataVersion":3465}