{"stats":{"minecraft:mined":{"minecraft:large_amethyst_bud":1,"minecraft:sculk_vein":3,"minecraft:granite":21,"minecraft:budding_amethyst":1,"minecraft:grass_block":113,"minecraft:yellow_carpet":3,"comforts:sleeping_bag_blue":2,"minecraft:oxeye_daisy":2,"minecraft:spawner":1,"minecraft:smooth_stone":1,"minecraft:iron_ore":88,"minecraft:cobbled_deepslate":11,"minecraft:stripped_dark_oak_wood":4,"minecraft:azure_bluet":2,"minecraft:pointed_dripstone":1,"minecraft:polished_deepslate_slab":1,"minecraft:dirt_path":28,"minecraft:green_carpet":2,"minecraft:white_banner":1,"minecraft:blackstone":3,"minecraft:powder_snow":5,"minecraft:torch":17,"minecraft:dark_oak_wood":2,"minecraft:calcite":1,"minecraft:poppy":8,"minecraft:cobblestone":20,"minecraft:oak_planks":6,"minecraft:wall_torch":14,"minecraft:amethyst_block":1,"minecraft:birch_log":2,"minecraft:wheat":22,"minecraft:black_bed":1,"minecraft:grass":210,"minecraft:oak_log":66,"minecraft:beetroots":2,"minecraft:oak_fence_gate":2,"minecraft:dirt":31,"minecraft:oak_leaves":112,"minecraft:deepslate":125,"minecraft:granite_wall":1,"minecraft:diamond_ore":3,"minecraft:tuff":13,"minecraft:mossy_cobblestone":6,"minecraft:deepslate_diamond_ore":8,"minecraft:glow_lichen":1,"minecraft:ladder":3,"minecraft:spruce_fence":11,"minecraft:spruce_leaves":5,"minecraft:cartography_table":1,"minecraft:large_fern":1,"minecraft:hay_block":1,"minecraft:carrots":3,"minecraft:polished_basalt":2,"minecraft:andesite":3,"minecraft:potatoes":1,"minecraft:deepslate_iron_ore":20,"minecraft:vine":1,"minecraft:rail":32,"minecraft:stone":65,"sophisticatedbackpacks:backpack":1,"minecraft:redstone_wall_torch":2,"minecraft:soul_torch":4,"minecraft:dandelion":23,"minecraft:oak_fence":11,"minecraft:crafting_table":3,"minecraft:cornflower":4,"minecraft:sculk_sensor":1,"minecraft:campfire":2,"minecraft:tall_grass":18,"minecraft:deepslate_coal_ore":4,"minecraft:lapis_ore":1,"minecraft:deepslate_gold_ore":9,"minecraft:sculk":318,"minecraft:diorite":6,"minecraft:pearlescent_froglight":1,"minecraft:spruce_stairs":1,"minecraft:gray_wool":3,"minecraft:sweet_berry_bush":32,"minecraft:white_carpet":1,"minecraft:birch_leaves":2,"minecraft:white_wall_banner":3,"minecraft:mangrove_slab":1,"minecraft:coal_ore":59,"minecraft:dripstone_block":3,"minecraft:gravel":6,"minecraft:cracked_stone_bricks":4,"minecraft:stone_bricks":2,"minecraft:mossy_stone_bricks":3,"minecraft:iron_trapdoor":3,"minecraft:birch_fence":24,"minecraft:fern":5},"minecraft:picked_up":{"minecraft:iron_chestplate":5,"minecraft:wheat":17,"minecraft:chainmail_boots":1,"minecraft:iron_trapdoor":3,"minecraft:oak_stairs":3,"minecraft:enchanted_book":1,"minecraft:potion":1,"tombstone:grave_key":1,"minecraft:amethyst_block":1,"minecraft:string":24,"minecraft:iron_leggings":5,"minecraft:beetroot":2,"portablecraftingtable:portable_crafting_table":1,"minecraft:tnt_minecart":1,"minecraft:cobbled_deepslate":168,"minecraft:smooth_stone":1,"minecraft:spruce_planks":2,"minecraft:redstone_torch":2,"minecraft:calcite":1,"minecraft:iron_pickaxe":5,"minecraft:iron_boots":2,"minecraft:stick":14,"minecraft:oak_fence":14,"minecraft:torch":57,"minecraft:porkchop":38,"tombstone:grave_dust":17,"minecraft:pointed_dripstone":8,"minecraft:diorite":6,"minecraft:goat_horn":1,"minecraft:rotten_flesh":6,"minecraft:cobblestone":97,"minecraft:birch_log":1,"minecraft:cooked_beef":11,"minecraft:feather":5,"minecraft:andesite":3,"minecraft:black_bed":1,"minecraft:potato":3,"minecraft:flint":1,"minecraft:tuff":16,"minecraft:cherry_fence":6,"minecraft:cherry_door":1,"minecraft:lapis_lazuli":4,"minecraft:dirt":239,"minecraft:name_tag":1,"minecraft:bone":14,"minecraft:chipped_anvil":1,"minecraft:bow":1,"minecraft:wheat_seeds":84,"minecraft:raw_gold":11,"minecraft:mossy_stone_bricks":3,"minecraft:oak_planks":13,"minecraft:cooked_porkchop":12,"minecraft:ink_sac":1,"minecraft:mossy_cobblestone":5,"man:tearoftheman":1,"minecraft:yellow_carpet":3,"comforts:sleeping_bag_blue":18,"minecraft:diamond":11,"minecraft:polished_blackstone_button":6,"minecraft:crossbow":2,"minecraft:granite":18,"minecraft:chainmail_helmet":3,"minecraft:bread":5,"minecraft:emerald":4,"minecraft:oak_sapling":11,"minecraft:charcoal":8,"minecraft:crafting_table":3,"minecraft:azure_bluet":1,"minecraft:chicken":2,"minecraft:ladder":1,"minecraft:cornflower":2,"minecraft:iron_axe":1,"minecraft:white_carpet":1,"minecraft:compass":1,"minecraft:birch_fence":24,"minecraft:blackstone":18,"minecraft:cracked_stone_bricks":5,"minecraft:cartography_table":1,"minecraft:beef":18,"minecraft:andesite_stairs":1,"minecraft:poppy":7,"minecraft:phantom_membrane":4,"minecraft:egg":2,"minecraft:raw_iron":134,"minecraft:cherry_stairs":1,"sophisticatedbackpacks:crafting_upgrade":2,"sophisticatedbackpacks:backpack":1,"minecraft:spruce_fence":11,"minecraft:carrot":3,"minecraft:arrow":17,"minecraft:beetroot_seeds":6,"minecraft:hay_block":2,"minecraft:stripped_dark_oak_wood":4,"minecraft:mutton":26,"minecraft:white_wool":10,"minecraft:rail":31,"minecraft:oxeye_daisy":2,"minecraft:salmon":5,"minecraft:mushroom_stew":2,"minecraft:oak_log":71,"minecraft:chainmail_chestplate":1,"minecraft:gunpowder":2,"minecraft:wooden_hoe":1,"minecraft:white_banner":9,"tombstone:gift":2,"minecraft:cooked_mutton":31,"minecraft:apple":1,"minecraft:pearlescent_froglight":1,"minecraft:stone_bricks":3,"minecraft:oak_fence_gate":3,"minecraft:stone_pickaxe":2,"minecraft:cobweb":2,"minecraft:iron_sword":1,"sophisticatedbackpacks:diamond_backpack":2,"minecraft:book":2,"minecraft:sweet_berries":149,"minecraft:dandelion":22,"minecraft:dripstone_block":10,"minecraft:gravel":5,"minecraft:soul_torch":8,"minecraft:green_carpet":4,"minecraft:spider_eye":1,"minecraft:iron_helmet":3,"minecraft:diamond_axe":1,"minecraft:gray_wool":3,"minecraft:baked_potato":10,"minecraft:black_wool":1,"minecraft:dark_oak_wood":1,"minecraft:coal":116},"minecraft:custom":{"minecraft:animals_bred":7,"minecraft:interact_with_crafting_table":24,"minecraft:open_barrel":1,"minecraft:bell_ring":20,"minecraft:leave_game":4,"minecraft:time_since_death":3599,"minecraft:sprint_one_cm":1591637,"minecraft:drop":209,"minecraft:play_noteblock":9,"minecraft:talked_to_villager":6,"minecraft:play_time":420058,"minecraft:deaths":28,"minecraft:jump":7265,"minecraft:walk_on_water_one_cm":80306,"minecraft:interact_with_furnace":30,"minecraft:sleep_in_bed":16,"minecraft:damage_dealt":8693,"minecraft:player_kills":2,"minecraft:crouch_one_cm":2726,"tombstone:undead_killed":20,"tombstone:villager_killed":1,"minecraft:horse_one_cm":43185,"minecraft:mob_kills":55,"minecraft:interact_with_anvil":2,"minecraft:damage_dealt_resisted":156,"minecraft:climb_one_cm":8752,"minecraft:walk_one_cm":1120568,"minecraft:damage_dealt_absorbed":14,"minecraft:sneak_time":1609,"minecraft:walk_under_water_one_cm":31352,"minecraft:interact_with_blast_furnace":3,"minecraft:total_world_time":420058,"tombstone:raider_killed":5,"minecraft:interact_with_stonecutter":1,"minecraft:time_since_rest":3171,"minecraft:damage_taken":13280,"minecraft:swim_one_cm":90722,"minecraft:fly_one_cm":1277423,"minecraft:open_chest":79,"minecraft:fall_one_cm":196950},"minecraft:broken":{"minecraft:iron_boots":1,"minecraft:iron_chestplate":1,"minecraft:iron_leggings":1,"minecraft:stone_pickaxe":2,"minecraft:stone_axe":1,"minecraft:iron_helmet":1,"minecraft:wooden_hoe":1},"minecraft:dropped":{"minecraft:iron_sword":1,"minecraft:cooked_beef":1,"minecraft:diamond":4,"minecraft:cooked_porkchop":6,"minecraft:crossbow":1,"minecraft:dirt":7,"minecraft:mutton":1,"comforts:sleeping_bag_blue":2,"minecraft:iron_pickaxe":1,"minecraft:cherry_door":1,"minecraft:white_wool":2,"minecraft:cobbled_deepslate":5,"minecraft:rotten_flesh":1,"minecraft:cooked_mutton":1,"minecraft:charcoal":4,"minecraft:arrow":1,"minecraft:cherry_fence":6,"minecraft:enchanted_book":3,"minecraft:oak_fence":35,"minecraft:feather":1,"minecraft:cobblestone":16,"minecraft:apple":4,"minecraft:chainmail_helmet":1,"minecraft:torch":6,"tombstone:grave_key":3,"minecraft:cooked_salmon":1,"minecraft:oak_stairs":3,"minecraft:white_banner":2,"minecraft:iron_axe":2,"sophisticatedbackpacks:crafting_upgrade":1,"minecraft:tuff":1,"minecraft:raw_iron":75,"sophisticatedbackpacks:backpack":1,"minecraft:name_tag":1,"minecraft:hay_block":1,"minecraft:iron_chestplate":1,"minecraft:stone_pickaxe":1,"minecraft:raw_gold":8},"minecraft:used":{"minecraft:beetroot":2,"minecraft:poppy":7,"minecraft:chest":1,"minecraft:iron_sword":69,"minecraft:rotten_flesh":2,"minecraft:carrot":2,"minecraft:tuff":13,"minecraft:azure_bluet":1,"minecraft:stripped_dark_oak_wood":4,"minecraft:stone_bricks":3,"minecraft:bow":26,"minecraft:sweet_berries":13,"minecraft:furnace":1,"minecraft:oak_sapling":11,"minecraft:beetroot_seeds":4,"minecraft:potato":1,"minecraft:mossy_stone_bricks":1,"minecraft:diorite":6,"minecraft:stone_pickaxe":266,"minecraft:oak_planks":7,"minecraft:diamond_axe":270,"minecraft:white_wool":1,"minecraft:mushroom_stew":1,"minecraft:dripstone_block":3,"comforts:sleeping_bag_blue":13,"minecraft:birch_fence":48,"minecraft:redstone_torch":2,"minecraft:bread":4,"minecraft:gravel":2,"minecraft:andesite":3,"minecraft:bone_meal":15,"minecraft:oak_fence":55,"minecraft:stone_sword":121,"minecraft:cooked_salmon":3,"minecraft:torch":36,"minecraft:dirt":158,"minecraft:white_carpet":1,"minecraft:yellow_carpet":3,"minecraft:spruce_fence":16,"minecraft:oak_fence_gate":3,"minecraft:iron_axe":180,"minecraft:goat_horn":27,"tombstone:gift":10,"minecraft:cooked_beef":10,"minecraft:cobbled_deepslate":122,"minecraft:wheat_seeds":52,"minecraft:cooked_mutton":38,"minecraft:birch_planks":4,"minecraft:baked_potato":7,"minecraft:mossy_cobblestone":4,"minecraft:rail":3,"minecraft:crafting_table":3,"minecraft:oak_log":4,"minecraft:wooden_hoe":60,"minecraft:cornflower":2,"minecraft:apple":11,"minecraft:oxeye_daisy":1,"minecraft:iron_pickaxe":370,"minecraft:tnt_minecart":2,"tombstone:magic_scroll":2,"minecraft:stone_axe":71,"minecraft:cobblestone":72,"minecraft:white_banner":4,"minecraft:cooked_porkchop":34,"minecraft:dandelion":22,"minecraft:gray_wool":3},"minecraft:killed_by":{"minecraft:creeper":1,"minecraft:pillager":2,"minecraft:vindicator":4,"man:managgresive":4,"minecraft:player":3,"minecraft:skeleton":7},"minecraft:crafted":{"minecraft:oak_planks":180,"minecraft:cooked_chicken":1,"minecraft:cooked_mutton":20,"minecraft:chest":1,"minecraft:oak_fence":78,"minecraft:cooked_porkchop":28,"minecraft:diamond_axe":1,"minecraft:birch_planks":48,"minecraft:birch_fence":24,"minecraft:stick":108,"minecraft:iron_ingot":11,"minecraft:iron_pickaxe":2,"minecraft:stone_sword":1,"minecraft:furnace":1,"minecraft:bone_meal":15,"minecraft:spruce_fence":4,"minecraft:iron_axe":1,"minecraft:stone_pickaxe":1,"minecraft:cooked_beef":4,"minecraft:iron_sword":1,"minecraft:stone_axe":1},"minecraft:killed":{"minecraft:cave_spider":3,"minecraft:spider":1,"minecraft:skeleton":8,"minecraft:chicken":2,"minecraft:pig":3,"minecraft:salmon":7,"minecraft:creeper":2,"minecraft:sheep":10,"minecraft:pillager":4,"minecraft:zombie":11,"minecraft:vindicator":1,"minecraft:drowned":1,"minecraft:villager":1}},"DataVersion":3465}