{"stats":{"minecraft:mined":{"minecraft:large_amethyst_bud":1,"minecraft:diamond_ore":3,"minecraft:tuff":1,"minecraft:deepslate_diamond_ore":1,"minecraft:glow_lichen":1,"minecraft:granite":21,"minecraft:budding_amethyst":1,"minecraft:grass_block":66,"minecraft:spruce_fence":11,"minecraft:oxeye_daisy":1,"minecraft:spawner":1,"minecraft:iron_ore":83,"minecraft:cobbled_deepslate":3,"minecraft:andesite":3,"minecraft:pointed_dripstone":1,"minecraft:deepslate_iron_ore":20,"minecraft:dirt_path":24,"minecraft:stone":50,"sophisticatedbackpacks:backpack":1,"minecraft:redstone_wall_torch":2,"minecraft:dandelion":3,"minecraft:oak_fence":11,"minecraft:crafting_table":3,"minecraft:cornflower":1,"minecraft:torch":5,"minecraft:calcite":1,"minecraft:poppy":4,"minecraft:tall_grass":1,"minecraft:cobblestone":17,"minecraft:deepslate_coal_ore":4,"minecraft:lapis_ore":1,"minecraft:diorite":6,"minecraft:wall_torch":2,"minecraft:amethyst_block":1,"minecraft:grass":37,"minecraft:oak_log":42,"minecraft:coal_ore":22,"minecraft:oak_fence_gate":2,"minecraft:gravel":4,"minecraft:dripstone_block":3,"minecraft:dirt":9,"minecraft:oak_leaves":20,"minecraft:deepslate":92,"minecraft:birch_fence":24},"minecraft:picked_up":{"minecraft:iron_chestplate":1,"minecraft:crafting_table":3,"minecraft:chicken":1,"minecraft:ladder":1,"minecraft:oak_stairs":3,"minecraft:amethyst_block":1,"minecraft:cornflower":1,"minecraft:iron_leggings":1,"minecraft:birch_fence":24,"portablecraftingtable:portable_crafting_table":1,"minecraft:cobbled_deepslate":105,"minecraft:redstone_torch":2,"minecraft:calcite":1,"minecraft:poppy":3,"minecraft:iron_pickaxe":1,"minecraft:egg":2,"minecraft:iron_boots":1,"minecraft:raw_iron":110,"minecraft:stick":9,"minecraft:oak_fence":12,"minecraft:torch":13,"sophisticatedbackpacks:backpack":1,"minecraft:spruce_fence":11,"minecraft:porkchop":2,"tombstone:grave_dust":4,"minecraft:pointed_dripstone":2,"minecraft:diorite":6,"minecraft:rotten_flesh":2,"minecraft:arrow":4,"minecraft:mutton":4,"minecraft:white_wool":2,"minecraft:cobblestone":74,"minecraft:oxeye_daisy":1,"minecraft:feather":3,"minecraft:cooked_beef":2,"minecraft:andesite":3,"minecraft:mushroom_stew":2,"minecraft:flint":1,"minecraft:tuff":1,"minecraft:oak_log":45,"minecraft:chainmail_chestplate":1,"minecraft:lapis_lazuli":4,"minecraft:dirt":96,"minecraft:name_tag":1,"minecraft:cooked_mutton":13,"minecraft:bone":5,"minecraft:chipped_anvil":1,"minecraft:apple":1,"minecraft:wheat_seeds":15,"minecraft:stone_pickaxe":2,"minecraft:oak_fence_gate":3,"minecraft:oak_planks":1,"sophisticatedbackpacks:diamond_backpack":1,"minecraft:cooked_porkchop":7,"minecraft:dandelion":3,"minecraft:dripstone_block":3,"minecraft:gravel":3,"comforts:sleeping_bag_blue":6,"minecraft:diamond":7,"minecraft:iron_helmet":1,"minecraft:granite":18,"minecraft:bread":5,"minecraft:baked_potato":4,"minecraft:oak_sapling":5,"minecraft:black_wool":1,"minecraft:coal":19},"minecraft:custom":{"minecraft:mob_kills":18,"minecraft:interact_with_crafting_table":22,"minecraft:bell_ring":7,"minecraft:damage_dealt_resisted":59,"minecraft:leave_game":2,"minecraft:time_since_death":27993,"minecraft:climb_one_cm":3778,"minecraft:sprint_one_cm":668968,"minecraft:walk_one_cm":488747,"minecraft:drop":143,"minecraft:play_time":174899,"minecraft:deaths":10,"minecraft:sneak_time":63,"minecraft:walk_under_water_one_cm":41,"minecraft:jump":2022,"minecraft:walk_on_water_one_cm":5270,"minecraft:total_world_time":174899,"minecraft:interact_with_furnace":8,"tombstone:raider_killed":1,"minecraft:sleep_in_bed":8,"minecraft:time_since_rest":12620,"minecraft:damage_taken":4425,"minecraft:damage_dealt":3279,"minecraft:swim_one_cm":2621,"minecraft:fly_one_cm":277270,"minecraft:open_chest":15,"minecraft:crouch_one_cm":143,"tombstone:undead_killed":11,"minecraft:fall_one_cm":44791,"minecraft:horse_one_cm":43185},"minecraft:broken":{"minecraft:stone_pickaxe":2,"minecraft:stone_axe":1},"minecraft:dropped":{"minecraft:enchanted_book":1,"minecraft:diamond":4,"minecraft:oak_fence":35,"minecraft:cobblestone":14,"minecraft:dirt":7,"comforts:sleeping_bag_blue":1,"minecraft:oak_stairs":3,"minecraft:white_wool":2,"minecraft:raw_iron":75,"minecraft:rotten_flesh":1,"sophisticatedbackpacks:backpack":1,"minecraft:name_tag":1,"minecraft:stone_pickaxe":1},"minecraft:used":{"minecraft:oak_fence":42,"minecraft:stone_sword":121,"minecraft:poppy":3,"minecraft:torch":8,"minecraft:dirt":63,"minecraft:spruce_fence":16,"minecraft:oak_fence_gate":3,"minecraft:iron_axe":114,"minecraft:oak_sapling":5,"minecraft:furnace":1,"tombstone:gift":6,"minecraft:cooked_beef":2,"minecraft:cobbled_deepslate":69,"minecraft:cooked_mutton":16,"minecraft:diorite":6,"minecraft:birch_planks":4,"minecraft:baked_potato":3,"minecraft:stone_pickaxe":266,"minecraft:oak_planks":1,"minecraft:diamond_axe":2,"minecraft:crafting_table":3,"minecraft:mushroom_stew":1,"comforts:sleeping_bag_blue":4,"minecraft:birch_fence":48,"minecraft:apple":1,"minecraft:oxeye_daisy":1,"minecraft:bread":2,"minecraft:iron_pickaxe":84,"minecraft:stone_axe":71,"minecraft:cobblestone":58,"minecraft:cooked_porkchop":7,"minecraft:andesite":3,"minecraft:dandelion":3},"minecraft:killed_by":{"minecraft:player":1,"man:managgresive":4,"minecraft:skeleton":4},"minecraft:crafted":{"minecraft:oak_planks":152,"minecraft:furnace":1,"minecraft:spruce_fence":4,"minecraft:cooked_mutton":3,"minecraft:iron_axe":1,"minecraft:stone_pickaxe":1,"minecraft:oak_fence":78,"minecraft:diamond_axe":1,"minecraft:iron_sword":1,"minecraft:birch_planks":48,"minecraft:stone_axe":1,"minecraft:birch_fence":24,"minecraft:stick":108,"minecraft:iron_ingot":11,"minecraft:iron_pickaxe":2,"minecraft:stone_sword":1},"minecraft:killed":{"minecraft:spider":1,"minecraft:skeleton":5,"minecraft:chicken":1,"minecraft:pig":1,"minecraft:sheep":3,"minecraft:pillager":1,"minecraft:zombie":6}},"DataVersion":3465}