{"stats":{"minecraft:mined":{"minecraft:diamond_ore":3,"minecraft:large_amethyst_bud":1,"minecraft:tuff":13,"minecraft:mossy_cobblestone":6,"minecraft:deepslate_diamond_ore":8,"minecraft:sculk_vein":3,"minecraft:glow_lichen":1,"minecraft:granite":21,"minecraft:budding_amethyst":1,"minecraft:grass_block":102,"minecraft:spruce_fence":11,"minecraft:yellow_carpet":3,"comforts:sleeping_bag_blue":2,"minecraft:oxeye_daisy":2,"minecraft:spawner":1,"minecraft:carrots":3,"minecraft:iron_ore":87,"minecraft:cobbled_deepslate":10,"minecraft:andesite":3,"minecraft:azure_bluet":2,"minecraft:vine":1,"minecraft:pointed_dripstone":1,"minecraft:potatoes":1,"minecraft:deepslate_iron_ore":20,"minecraft:dirt_path":28,"minecraft:rail":32,"minecraft:green_carpet":2,"minecraft:stone":65,"sophisticatedbackpacks:backpack":1,"minecraft:redstone_wall_torch":2,"minecraft:dandelion":23,"minecraft:oak_fence":11,"minecraft:crafting_table":3,"minecraft:cornflower":4,"minecraft:torch":12,"minecraft:calcite":1,"minecraft:poppy":8,"minecraft:sculk_sensor":1,"minecraft:tall_grass":18,"minecraft:cobblestone":18,"minecraft:deepslate_coal_ore":4,"minecraft:deepslate_gold_ore":9,"minecraft:lapis_ore":1,"minecraft:oak_planks":1,"minecraft:sculk":318,"minecraft:diorite":6,"minecraft:wall_torch":9,"minecraft:amethyst_block":1,"minecraft:wheat":22,"minecraft:grass":207,"minecraft:oak_log":46,"minecraft:coal_ore":56,"minecraft:beetroots":2,"minecraft:oak_fence_gate":2,"minecraft:gravel":6,"minecraft:dripstone_block":3,"minecraft:dirt":29,"minecraft:cracked_stone_bricks":4,"minecraft:stone_bricks":2,"minecraft:mossy_stone_bricks":2,"minecraft:oak_leaves":101,"minecraft:birch_fence":24,"minecraft:deepslate":121},"minecraft:picked_up":{"minecraft:wheat":17,"minecraft:crafting_table":3,"minecraft:iron_chestplate":4,"minecraft:azure_bluet":1,"minecraft:chainmail_boots":1,"minecraft:chicken":2,"minecraft:ladder":1,"minecraft:oak_stairs":3,"minecraft:enchanted_book":1,"minecraft:amethyst_block":1,"minecraft:cornflower":2,"minecraft:iron_axe":1,"minecraft:iron_leggings":3,"minecraft:birch_fence":24,"minecraft:beetroot":2,"minecraft:cracked_stone_bricks":5,"portablecraftingtable:portable_crafting_table":1,"minecraft:tnt_minecart":1,"minecraft:cobbled_deepslate":151,"minecraft:beef":18,"minecraft:redstone_torch":2,"minecraft:calcite":1,"minecraft:poppy":7,"minecraft:iron_pickaxe":1,"minecraft:egg":2,"minecraft:iron_boots":2,"minecraft:stick":14,"minecraft:raw_iron":117,"minecraft:cherry_stairs":1,"minecraft:oak_fence":13,"sophisticatedbackpacks:crafting_upgrade":1,"minecraft:torch":38,"minecraft:spruce_fence":11,"sophisticatedbackpacks:backpack":1,"minecraft:porkchop":28,"minecraft:pointed_dripstone":2,"tombstone:grave_dust":7,"minecraft:diorite":6,"minecraft:carrot":3,"minecraft:arrow":10,"minecraft:rotten_flesh":6,"minecraft:beetroot_seeds":6,"minecraft:mutton":24,"minecraft:rail":31,"minecraft:white_wool":9,"minecraft:cobblestone":92,"minecraft:oxeye_daisy":2,"minecraft:feather":5,"minecraft:cooked_beef":2,"minecraft:andesite":3,"minecraft:salmon":5,"minecraft:potato":3,"minecraft:mushroom_stew":2,"minecraft:flint":1,"minecraft:tuff":14,"minecraft:oak_log":49,"minecraft:chainmail_chestplate":1,"minecraft:cherry_fence":6,"minecraft:wooden_hoe":1,"minecraft:lapis_lazuli":4,"minecraft:cherry_door":1,"minecraft:dirt":171,"minecraft:name_tag":1,"minecraft:cooked_mutton":14,"minecraft:bone":10,"minecraft:chipped_anvil":1,"minecraft:stone_bricks":3,"minecraft:apple":1,"minecraft:wheat_seeds":82,"minecraft:raw_gold":9,"minecraft:stone_pickaxe":2,"minecraft:oak_fence_gate":3,"minecraft:mossy_stone_bricks":2,"minecraft:oak_planks":8,"sophisticatedbackpacks:diamond_backpack":1,"minecraft:cooked_porkchop":12,"minecraft:dandelion":22,"minecraft:dripstone_block":3,"minecraft:gravel":5,"minecraft:ink_sac":1,"minecraft:green_carpet":2,"minecraft:spider_eye":1,"minecraft:mossy_cobblestone":5,"minecraft:yellow_carpet":3,"minecraft:diamond":10,"comforts:sleeping_bag_blue":11,"minecraft:iron_helmet":2,"minecraft:granite":18,"minecraft:bread":5,"minecraft:chainmail_helmet":2,"minecraft:baked_potato":4,"minecraft:oak_sapling":11,"minecraft:black_wool":1,"minecraft:coal":79},"minecraft:custom":{"minecraft:interact_with_anvil":2,"minecraft:mob_kills":43,"minecraft:animals_bred":7,"minecraft:interact_with_crafting_table":24,"minecraft:bell_ring":20,"minecraft:damage_dealt_resisted":156,"minecraft:leave_game":3,"minecraft:time_since_death":14216,"minecraft:climb_one_cm":7896,"minecraft:sprint_one_cm":1302529,"minecraft:walk_one_cm":933792,"minecraft:drop":168,"minecraft:damage_dealt_absorbed":14,"minecraft:talked_to_villager":6,"minecraft:play_time":336495,"minecraft:sneak_time":426,"minecraft:deaths":14,"minecraft:walk_under_water_one_cm":30014,"minecraft:jump":4929,"minecraft:interact_with_blast_furnace":3,"minecraft:walk_on_water_one_cm":68729,"minecraft:total_world_time":336495,"minecraft:interact_with_furnace":29,"tombstone:raider_killed":1,"minecraft:sleep_in_bed":12,"minecraft:time_since_rest":13595,"minecraft:damage_taken":8201,"minecraft:damage_dealt":6465,"minecraft:swim_one_cm":59741,"minecraft:fly_one_cm":849394,"minecraft:open_chest":55,"minecraft:crouch_one_cm":444,"tombstone:undead_killed":18,"minecraft:fall_one_cm":127240,"minecraft:horse_one_cm":43185},"minecraft:broken":{"minecraft:iron_boots":1,"minecraft:iron_leggings":1,"minecraft:stone_pickaxe":2,"minecraft:stone_axe":1,"minecraft:iron_helmet":1,"minecraft:wooden_hoe":1},"minecraft:dropped":{"minecraft:enchanted_book":3,"minecraft:iron_sword":1,"minecraft:diamond":4,"minecraft:cooked_porkchop":6,"minecraft:cobblestone":14,"minecraft:oak_fence":35,"minecraft:feather":1,"minecraft:apple":4,"minecraft:dirt":7,"comforts:sleeping_bag_blue":1,"minecraft:cooked_salmon":1,"minecraft:oak_stairs":3,"minecraft:iron_axe":1,"minecraft:cherry_door":1,"minecraft:white_wool":2,"minecraft:raw_iron":75,"minecraft:rotten_flesh":1,"sophisticatedbackpacks:backpack":1,"minecraft:name_tag":1,"minecraft:iron_chestplate":1,"minecraft:arrow":1,"minecraft:stone_pickaxe":1,"minecraft:cherry_fence":6},"minecraft:used":{"minecraft:oak_fence":55,"minecraft:beetroot":2,"minecraft:stone_sword":121,"minecraft:poppy":7,"minecraft:chest":1,"minecraft:iron_sword":63,"minecraft:cooked_salmon":3,"minecraft:torch":32,"minecraft:dirt":148,"minecraft:carrot":2,"minecraft:yellow_carpet":3,"minecraft:spruce_fence":16,"minecraft:azure_bluet":1,"minecraft:oak_fence_gate":3,"minecraft:iron_axe":180,"minecraft:stone_bricks":3,"minecraft:bow":19,"minecraft:oak_sapling":11,"minecraft:furnace":1,"minecraft:beetroot_seeds":4,"tombstone:gift":8,"minecraft:cooked_beef":2,"minecraft:cobbled_deepslate":109,"minecraft:wheat_seeds":52,"minecraft:cooked_mutton":26,"minecraft:mossy_stone_bricks":1,"minecraft:diorite":6,"minecraft:birch_planks":4,"minecraft:baked_potato":3,"minecraft:oak_planks":7,"minecraft:stone_pickaxe":266,"minecraft:diamond_axe":129,"minecraft:white_wool":1,"minecraft:mossy_cobblestone":4,"minecraft:rail":3,"minecraft:crafting_table":3,"minecraft:mushroom_stew":1,"comforts:sleeping_bag_blue":9,"minecraft:birch_fence":48,"minecraft:redstone_torch":2,"minecraft:wooden_hoe":60,"minecraft:cornflower":2,"minecraft:apple":6,"minecraft:oxeye_daisy":1,"minecraft:bread":4,"minecraft:iron_pickaxe":316,"minecraft:tnt_minecart":2,"tombstone:magic_scroll":2,"minecraft:gravel":2,"minecraft:stone_axe":71,"minecraft:cobblestone":69,"minecraft:cooked_porkchop":34,"minecraft:andesite":3,"minecraft:dandelion":22,"minecraft:bone_meal":15},"minecraft:killed_by":{"minecraft:player":1,"man:managgresive":4,"minecraft:skeleton":7},"minecraft:crafted":{"minecraft:oak_planks":164,"minecraft:cooked_chicken":1,"minecraft:furnace":1,"minecraft:bone_meal":15,"minecraft:spruce_fence":4,"minecraft:cooked_mutton":20,"minecraft:iron_axe":1,"minecraft:stone_pickaxe":1,"minecraft:chest":1,"minecraft:oak_fence":78,"minecraft:cooked_beef":4,"minecraft:cooked_porkchop":28,"minecraft:diamond_axe":1,"minecraft:iron_sword":1,"minecraft:birch_planks":48,"minecraft:stone_axe":1,"minecraft:birch_fence":24,"minecraft:stick":108,"minecraft:iron_ingot":11,"minecraft:iron_pickaxe":2,"minecraft:stone_sword":1},"minecraft:killed":{"minecraft:cave_spider":3,"minecraft:spider":1,"minecraft:skeleton":7,"minecraft:chicken":2,"minecraft:drowned":1,"minecraft:pig":1,"minecraft:salmon":7,"minecraft:sheep":9,"minecraft:pillager":1,"minecraft:zombie":10}},"DataVersion":3465}