{"stats":{"minecraft:picked_up":{"minecraft:iron_chestplate":1,"minecraft:feather":2,"minecraft:chicken":1,"minecraft:andesite":3,"minecraft:flint":1,"minecraft:tuff":1,"minecraft:amethyst_block":1,"minecraft:lapis_lazuli":4,"minecraft:dirt":5,"minecraft:iron_leggings":1,"minecraft:cooked_mutton":9,"minecraft:bone":5,"portablecraftingtable:portable_crafting_table":1,"minecraft:wheat_seeds":1,"minecraft:cobbled_deepslate":105,"minecraft:stone_pickaxe":2,"minecraft:calcite":1,"minecraft:iron_pickaxe":1,"minecraft:iron_boots":1,"sophisticatedbackpacks:diamond_backpack":1,"minecraft:egg":1,"minecraft:raw_iron":110,"minecraft:cooked_porkchop":3,"minecraft:torch":10,"minecraft:dripstone_block":3,"sophisticatedbackpacks:backpack":1,"minecraft:gravel":3,"minecraft:pointed_dripstone":2,"tombstone:grave_dust":4,"minecraft:diorite":6,"minecraft:arrow":4,"minecraft:rotten_flesh":2,"minecraft:diamond":4,"comforts:sleeping_bag_blue":5,"minecraft:iron_helmet":1,"minecraft:granite":18,"minecraft:black_wool":1,"minecraft:mutton":4,"minecraft:coal":19,"minecraft:white_wool":2,"minecraft:cobblestone":72},"minecraft:mined":{"minecraft:diamond_ore":3,"minecraft:large_amethyst_bud":1,"minecraft:tuff":1,"minecraft:deepslate_diamond_ore":1,"minecraft:glow_lichen":1,"minecraft:torch":5,"minecraft:granite":21,"minecraft:budding_amethyst":1,"minecraft:calcite":1,"minecraft:grass_block":1,"minecraft:poppy":1,"minecraft:cobblestone":17,"minecraft:tall_grass":1,"minecraft:deepslate_coal_ore":4,"minecraft:lapis_ore":1,"minecraft:diorite":6,"minecraft:wall_torch":2,"minecraft:amethyst_block":1,"minecraft:iron_ore":83,"minecraft:cobbled_deepslate":3,"minecraft:andesite":3,"minecraft:grass":5,"minecraft:pointed_dripstone":1,"minecraft:coal_ore":22,"minecraft:deepslate_iron_ore":20,"minecraft:dripstone_block":3,"minecraft:gravel":4,"minecraft:dirt":4,"minecraft:stone":50,"sophisticatedbackpacks:backpack":1,"minecraft:deepslate":92},"minecraft:custom":{"minecraft:interact_with_furnace":4,"minecraft:mob_kills":17,"tombstone:raider_killed":1,"minecraft:interact_with_crafting_table":2,"minecraft:damage_dealt_resisted":59,"minecraft:leave_game":2,"minecraft:time_since_death":5575,"minecraft:sleep_in_bed":6,"minecraft:time_since_rest":3176,"minecraft:sprint_one_cm":280414,"minecraft:damage_taken":2468,"minecraft:walk_one_cm":288362,"minecraft:drop":18,"minecraft:damage_dealt":3090,"minecraft:swim_one_cm":578,"minecraft:fly_one_cm":98241,"minecraft:open_chest":10,"minecraft:crouch_one_cm":125,"minecraft:play_time":84899,"tombstone:undead_killed":11,"minecraft:deaths":6,"minecraft:sneak_time":15,"minecraft:walk_under_water_one_cm":11,"minecraft:jump":1141,"minecraft:walk_on_water_one_cm":1469,"minecraft:total_world_time":84899,"minecraft:fall_one_cm":22568},"minecraft:dropped":{"minecraft:diamond":4,"minecraft:raw_iron":11,"minecraft:rotten_flesh":1,"sophisticatedbackpacks:backpack":1,"comforts:sleeping_bag_blue":1,"minecraft:stone_pickaxe":1,"minecraft:white_wool":2},"minecraft:broken":{"minecraft:stone_pickaxe":2,"minecraft:stone_axe":1},"minecraft:used":{"minecraft:cooked_mutton":12,"minecraft:diorite":6,"minecraft:stone_sword":120,"minecraft:stone_pickaxe":266,"minecraft:torch":8,"comforts:sleeping_bag_blue":3,"minecraft:iron_pickaxe":83,"minecraft:stone_axe":71,"minecraft:cobblestone":58,"minecraft:furnace":1,"minecraft:cooked_porkchop":3,"minecraft:cobbled_deepslate":69},"minecraft:crafted":{"minecraft:oak_planks":22,"minecraft:furnace":1,"minecraft:stone_axe":1,"minecraft:cooked_mutton":3,"minecraft:stick":28,"minecraft:stone_pickaxe":1,"minecraft:stone_sword":1},"minecraft:killed_by":{"man:managgresive":1,"minecraft:player":1,"minecraft:skeleton":4},"minecraft:killed":{"minecraft:spider":1,"minecraft:sheep":3,"minecraft:skeleton":5,"minecraft:pillager":1,"minecraft:zombie":6,"minecraft:chicken":1}},"DataVersion":3465}