{"stats":{"minecraft:mined":{"minecraft:glow_lichen":1,"minecraft:granite":15,"minecraft:grass":5,"minecraft:grass_block":1,"minecraft:poppy":1,"minecraft:coal_ore":15,"minecraft:dirt":4,"minecraft:tall_grass":1,"minecraft:stone":33,"sophisticatedbackpacks:backpack":1,"minecraft:deepslate":4},"minecraft:picked_up":{"minecraft:iron_chestplate":1,"minecraft:feather":2,"minecraft:chicken":1,"sophisticatedbackpacks:backpack":1,"tombstone:grave_dust":2,"minecraft:dirt":5,"minecraft:iron_leggings":1,"minecraft:cooked_mutton":9,"minecraft:bone":2,"minecraft:rotten_flesh":1,"comforts:sleeping_bag_blue":2,"portablecraftingtable:portable_crafting_table":1,"minecraft:wheat_seeds":1,"minecraft:cobbled_deepslate":4,"minecraft:iron_helmet":1,"minecraft:granite":12,"minecraft:stone_pickaxe":1,"minecraft:black_wool":1,"minecraft:mutton":4,"minecraft:cobblestone":48,"minecraft:coal":8,"sophisticatedbackpacks:diamond_backpack":1,"minecraft:white_wool":2,"minecraft:iron_boots":1,"minecraft:egg":1},"minecraft:custom":{"minecraft:time_since_rest":9090,"minecraft:interact_with_furnace":4,"minecraft:sprint_one_cm":129530,"minecraft:damage_taken":1010,"minecraft:walk_one_cm":141773,"minecraft:mob_kills":7,"minecraft:drop":5,"tombstone:raider_killed":1,"minecraft:damage_dealt":776,"minecraft:interact_with_crafting_table":2,"minecraft:fly_one_cm":44880,"minecraft:open_chest":10,"minecraft:play_time":36899,"minecraft:crouch_one_cm":125,"tombstone:undead_killed":2,"minecraft:deaths":1,"minecraft:sneak_time":15,"minecraft:jump":396,"minecraft:leave_game":2,"minecraft:time_since_death":22681,"minecraft:sleep_in_bed":4,"minecraft:total_world_time":36899,"minecraft:fall_one_cm":10885},"minecraft:dropped":{"minecraft:rotten_flesh":1,"sophisticatedbackpacks:backpack":1,"minecraft:stone_pickaxe":1,"minecraft:white_wool":2},"minecraft:used":{"minecraft:cooked_mutton":10,"minecraft:stone_sword":45,"minecraft:stone_pickaxe":72,"minecraft:stone_axe":17,"comforts:sleeping_bag_blue":1},"minecraft:crafted":{"minecraft:oak_planks":22,"minecraft:stick":28,"minecraft:stone_pickaxe":1,"minecraft:stone_sword":1,"minecraft:stone_axe":1,"minecraft:cooked_mutton":3},"minecraft:killed_by":{"man:managgresive":1},"minecraft:killed":{"minecraft:skeleton":1,"minecraft:sheep":3,"minecraft:pillager":1,"minecraft:zombie":1,"minecraft:chicken":1}},"DataVersion":3465}