{"stats":{"minecraft:mined":{"minecraft:tuff":1,"minecraft:glow_lichen":1,"minecraft:torch":3,"minecraft:granite":15,"minecraft:grass_block":1,"minecraft:poppy":1,"minecraft:cobblestone":1,"minecraft:tall_grass":1,"minecraft:wall_torch":1,"minecraft:grass":5,"minecraft:coal_ore":15,"minecraft:deepslate_iron_ore":10,"minecraft:gravel":3,"minecraft:dirt":4,"minecraft:stone":33,"sophisticatedbackpacks:backpack":1,"minecraft:deepslate":21},"minecraft:picked_up":{"minecraft:iron_chestplate":1,"minecraft:feather":2,"minecraft:chicken":1,"minecraft:flint":1,"minecraft:tuff":1,"minecraft:dirt":5,"minecraft:iron_leggings":1,"minecraft:cooked_mutton":9,"minecraft:bone":2,"portablecraftingtable:portable_crafting_table":1,"minecraft:wheat_seeds":1,"minecraft:cobbled_deepslate":26,"minecraft:stone_pickaxe":2,"minecraft:iron_pickaxe":1,"minecraft:iron_boots":1,"sophisticatedbackpacks:diamond_backpack":1,"minecraft:egg":1,"minecraft:raw_iron":11,"minecraft:torch":6,"sophisticatedbackpacks:backpack":1,"minecraft:gravel":2,"tombstone:grave_dust":2,"minecraft:rotten_flesh":1,"comforts:sleeping_bag_blue":3,"minecraft:iron_helmet":1,"minecraft:granite":12,"minecraft:black_wool":1,"minecraft:mutton":4,"minecraft:coal":8,"minecraft:white_wool":2,"minecraft:cobblestone":49},"minecraft:custom":{"minecraft:interact_with_furnace":4,"minecraft:mob_kills":11,"tombstone:raider_killed":1,"minecraft:interact_with_crafting_table":2,"minecraft:leave_game":2,"minecraft:time_since_death":9586,"minecraft:sleep_in_bed":5,"minecraft:time_since_rest":8040,"minecraft:sprint_one_cm":156056,"minecraft:damage_taken":1359,"minecraft:walk_one_cm":203860,"minecraft:drop":13,"minecraft:damage_dealt":1656,"minecraft:fly_one_cm":61888,"minecraft:open_chest":10,"minecraft:crouch_one_cm":125,"minecraft:play_time":48899,"tombstone:undead_killed":5,"minecraft:deaths":2,"minecraft:sneak_time":15,"minecraft:jump":599,"minecraft:total_world_time":48899,"minecraft:fall_one_cm":13357},"minecraft:dropped":{"minecraft:raw_iron":11,"minecraft:rotten_flesh":1,"sophisticatedbackpacks:backpack":1,"minecraft:stone_pickaxe":1,"minecraft:white_wool":2},"minecraft:used":{"minecraft:cooked_mutton":12,"minecraft:stone_sword":58,"minecraft:stone_pickaxe":106,"minecraft:torch":2,"comforts:sleeping_bag_blue":2,"minecraft:iron_pickaxe":2,"minecraft:stone_axe":51,"minecraft:cobblestone":27,"minecraft:furnace":1},"minecraft:crafted":{"minecraft:oak_planks":22,"minecraft:furnace":1,"minecraft:stone_axe":1,"minecraft:cooked_mutton":3,"minecraft:stick":28,"minecraft:stone_pickaxe":1,"minecraft:stone_sword":1},"minecraft:killed_by":{"man:managgresive":1,"minecraft:skeleton":1},"minecraft:killed":{"minecraft:spider":1,"minecraft:sheep":3,"minecraft:skeleton":1,"minecraft:pillager":1,"minecraft:zombie":4,"minecraft:chicken":1}},"DataVersion":3465}