{"stats":{"minecraft:custom":{"minecraft:animals_bred":7,"minecraft:interact_with_crafting_table":39,"minecraft:open_barrel":1,"minecraft:bell_ring":25,"minecraft:leave_game":10,"minecraft:time_since_death":1793,"minecraft:sprint_one_cm":1758899,"minecraft:drop":214,"minecraft:play_noteblock":9,"minecraft:talked_to_villager":7,"minecraft:play_time":487959,"minecraft:deaths":41,"tombstone:tomb_raiding":1,"minecraft:jump":8688,"minecraft:walk_on_water_one_cm":87398,"minecraft:interact_with_furnace":36,"minecraft:sleep_in_bed":16,"minecraft:damage_dealt":9788,"minecraft:player_kills":3,"minecraft:crouch_one_cm":3116,"tombstone:undead_killed":21,"tombstone:villager_killed":1,"minecraft:horse_one_cm":98034,"minecraft:interact_with_smithing_table":1,"minecraft:mob_kills":57,"minecraft:interact_with_anvil":2,"minecraft:damage_dealt_resisted":156,"minecraft:climb_one_cm":8752,"minecraft:walk_one_cm":1301207,"minecraft:damage_dealt_absorbed":14,"minecraft:sneak_time":1891,"minecraft:walk_under_water_one_cm":34302,"minecraft:boat_one_cm":62423,"minecraft:interact_with_blast_furnace":4,"minecraft:total_world_time":487959,"tombstone:raider_killed":5,"minecraft:interact_with_stonecutter":1,"minecraft:time_since_rest":267,"minecraft:damage_taken":16912,"minecraft:swim_one_cm":97852,"minecraft:fly_one_cm":1632882,"minecraft:open_chest":105,"minecraft:fall_one_cm":238712},"minecraft:used":{"minecraft:beetroot":2,"minecraft:poppy":7,"minecraft:chest":3,"minecraft:iron_sword":122,"minecraft:rotten_flesh":2,"minecraft:carrot":11,"minecraft:tuff":13,"minecraft:azure_bluet":2,"minecraft:stripped_dark_oak_wood":4,"minecraft:stone_bricks":3,"minecraft:bow":26,"minecraft:sweet_berries":13,"minecraft:oak_sapling":11,"minecraft:furnace":1,"minecraft:beetroot_seeds":4,"minecraft:potato":21,"minecraft:mossy_stone_bricks":1,"minecraft:diorite":6,"minecraft:stone_pickaxe":266,"minecraft:oak_planks":24,"minecraft:diamond_axe":270,"minecraft:white_wool":1,"minecraft:mushroom_stew":1,"comforts:sleeping_bag_blue":13,"minecraft:dripstone_block":3,"minecraft:black_bed":2,"minecraft:birch_fence":48,"minecraft:redstone_torch":2,"minecraft:bread":4,"tombstone:grave_key":1,"minecraft:iron_door":4,"minecraft:gravel":2,"minecraft:andesite":3,"minecraft:birch_log":1,"minecraft:bone_meal":15,"minecraft:oak_fence":55,"minecraft:stone_sword":121,"minecraft:cooked_salmon":3,"minecraft:torch":36,"minecraft:dirt":172,"minecraft:white_carpet":1,"minecraft:yellow_carpet":3,"minecraft:spruce_fence":16,"minecraft:oak_fence_gate":3,"minecraft:iron_axe":212,"minecraft:oak_stairs":9,"minecraft:goat_horn":27,"tombstone:gift":10,"minecraft:cooked_beef":10,"minecraft:cobbled_deepslate":122,"minecraft:wheat_seeds":98,"minecraft:cooked_mutton":38,"minecraft:birch_planks":4,"minecraft:baked_potato":20,"minecraft:mossy_cobblestone":4,"minecraft:rail":3,"minecraft:crafting_table":4,"minecraft:oak_log":4,"minecraft:wooden_hoe":60,"minecraft:cornflower":2,"minecraft:apple":11,"minecraft:oxeye_daisy":1,"minecraft:oak_button":12,"minecraft:iron_pickaxe":665,"minecraft:tnt_minecart":2,"tombstone:magic_scroll":2,"minecraft:stone_axe":71,"minecraft:cobblestone":274,"minecraft:white_banner":4,"minecraft:cooked_porkchop":34,"minecraft:dandelion":23,"minecraft:gray_wool":3},"minecraft:dropped":{"minecraft:iron_sword":1,"minecraft:cooked_beef":1,"minecraft:diamond":4,"minecraft:cooked_porkchop":6,"minecraft:crossbow":1,"minecraft:dirt":7,"minecraft:mutton":1,"comforts:sleeping_bag_blue":2,"minecraft:iron_pickaxe":1,"minecraft:cherry_door":1,"minecraft:white_wool":2,"minecraft:oak_door":2,"minecraft:cobbled_deepslate":5,"minecraft:cherry_sapling":1,"minecraft:rotten_flesh":1,"minecraft:cooked_mutton":1,"minecraft:carrot":1,"minecraft:charcoal":4,"minecraft:arrow":4,"minecraft:cherry_fence":6,"minecraft:enchanted_book":3,"minecraft:oak_fence":35,"minecraft:feather":1,"minecraft:cobblestone":16,"minecraft:apple":4,"minecraft:chainmail_helmet":1,"minecraft:torch":6,"tombstone:grave_key":3,"minecraft:cooked_salmon":1,"minecraft:oak_stairs":3,"minecraft:white_banner":2,"minecraft:iron_axe":2,"sophisticatedbackpacks:crafting_upgrade":1,"minecraft:tuff":1,"minecraft:raw_iron":75,"sophisticatedbackpacks:backpack":1,"minecraft:name_tag":1,"minecraft:hay_block":1,"minecraft:iron_chestplate":1,"minecraft:stone_pickaxe":1,"minecraft:raw_gold":8},"minecraft:picked_up":{"minecraft:iron_chestplate":5,"minecraft:wheat":60,"minecraft:chainmail_boots":1,"minecraft:iron_trapdoor":3,"minecraft:smithing_table":1,"minecraft:oak_stairs":6,"minecraft:potion":1,"minecraft:enchanted_book":1,"tombstone:grave_key":1,"minecraft:amethyst_block":1,"minecraft:string":26,"minecraft:iron_leggings":5,"minecraft:beetroot":2,"portablecraftingtable:portable_crafting_table":1,"minecraft:tnt_minecart":1,"minecraft:cobbled_deepslate":180,"minecraft:smooth_stone":1,"minecraft:spruce_planks":2,"minecraft:redstone_torch":2,"minecraft:calcite":1,"minecraft:iron_pickaxe":5,"minecraft:iron_boots":2,"minecraft:stick":14,"minecraft:oak_fence":14,"minecraft:torch":58,"minecraft:porkchop":38,"minecraft:pointed_dripstone":8,"tombstone:grave_dust":17,"minecraft:diorite":6,"minecraft:goat_horn":1,"minecraft:rotten_flesh":14,"minecraft:cobblestone":362,"minecraft:birch_log":8,"minecraft:cooked_beef":11,"minecraft:feather":5,"minecraft:iron_door":1,"minecraft:andesite":3,"minecraft:black_bed":2,"minecraft:potato":42,"minecraft:flint":1,"minecraft:tuff":16,"minecraft:cherry_fence":8,"minecraft:lapis_lazuli":4,"minecraft:cherry_door":1,"minecraft:dirt":308,"minecraft:name_tag":1,"minecraft:bone":16,"minecraft:chipped_anvil":1,"minecraft:bow":1,"minecraft:wheat_seeds":203,"minecraft:raw_gold":11,"minecraft:mossy_stone_bricks":3,"minecraft:stone_hoe":1,"minecraft:oak_planks":21,"minecraft:cooked_porkchop":12,"minecraft:ink_sac":1,"minecraft:grass_block":2,"securitycraft:reinforced_stone":1,"minecraft:mossy_cobblestone":5,"minecraft:yellow_carpet":3,"minecraft:diamond":11,"comforts:sleeping_bag_blue":18,"minecraft:polished_blackstone_button":6,"minecraft:crossbow":2,"minecraft:granite":18,"minecraft:bread":14,"minecraft:emerald":4,"minecraft:chainmail_helmet":3,"minecraft:oak_sapling":11,"minecraft:fishing_rod":1,"minecraft:charcoal":8,"minecraft:crafting_table":3,"minecraft:azure_bluet":2,"minecraft:chicken":2,"minecraft:ladder":1,"minecraft:cornflower":2,"minecraft:iron_axe":1,"minecraft:white_carpet":1,"minecraft:compass":1,"minecraft:birch_fence":24,"minecraft:blackstone":18,"minecraft:cracked_stone_bricks":5,"minecraft:cartography_table":1,"minecraft:beef":18,"minecraft:andesite_stairs":1,"minecraft:poppy":7,"minecraft:phantom_membrane":4,"minecraft:egg":2,"minecraft:raw_iron":134,"minecraft:cherry_stairs":1,"minecraft:oak_door":4,"sophisticatedbackpacks:crafting_upgrade":2,"sophisticatedbackpacks:backpack":1,"minecraft:spruce_fence":11,"minecraft:carrot":66,"minecraft:arrow":22,"minecraft:beetroot_seeds":6,"minecraft:hay_block":2,"minecraft:stripped_dark_oak_wood":4,"minecraft:mutton":26,"minecraft:white_wool":10,"minecraft:rail":31,"minecraft:oxeye_daisy":2,"minecraft:salmon":5,"minecraft:mushroom_stew":2,"minecraft:oak_log":83,"minecraft:chainmail_chestplate":1,"minecraft:gunpowder":2,"minecraft:wooden_hoe":1,"minecraft:white_banner":11,"tombstone:gift":2,"minecraft:cooked_mutton":31,"minecraft:apple":12,"minecraft:pearlescent_froglight":1,"minecraft:stone_bricks":3,"minecraft:oak_fence_gate":3,"minecraft:stone_pickaxe":2,"minecraft:cobweb":2,"minecraft:iron_sword":2,"sophisticatedbackpacks:diamond_backpack":2,"minecraft:book":2,"minecraft:sweet_berries":149,"minecraft:dandelion":23,"minecraft:dripstone_block":10,"minecraft:gravel":5,"minecraft:soul_torch":8,"minecraft:green_carpet":4,"minecraft:spider_eye":1,"minecraft:iron_helmet":3,"minecraft:diamond_axe":1,"minecraft:cherry_sapling":2,"minecraft:gray_wool":3,"minecraft:oak_button":7,"minecraft:baked_potato":40,"minecraft:black_wool":1,"minecraft:dark_oak_wood":1,"minecraft:coal":116,"minecraft:ender_pearl":1},"minecraft:broken":{"minecraft:iron_boots":1,"minecraft:iron_chestplate":1,"minecraft:iron_leggings":1,"minecraft:stone_pickaxe":2,"minecraft:stone_axe":1,"minecraft:iron_axe":1,"minecraft:iron_pickaxe":1,"minecraft:iron_helmet":1,"minecraft:wooden_hoe":1},"minecraft:killed_by":{"minecraft:creeper":2,"minecraft:pillager":2,"minecraft:vindicator":4,"minecraft:player":9,"minecraft:skeleton":7},"minecraft:killed":{"minecraft:cave_spider":3,"minecraft:spider":2,"minecraft:skeleton":8,"minecraft:chicken":2,"minecraft:pig":3,"minecraft:salmon":7,"minecraft:creeper":2,"minecraft:sheep":10,"minecraft:pillager":4,"minecraft:zombie":12,"minecraft:vindicator":1,"minecraft:drowned":1,"minecraft:villager":1},"minecraft:crafted":{"minecraft:oak_planks":228,"minecraft:cooked_chicken":1,"minecraft:cooked_mutton":20,"tombstone:grave_key":1,"minecraft:chest":3,"minecraft:oak_button":5,"minecraft:iron_door":3,"minecraft:oak_fence":78,"minecraft:cooked_porkchop":28,"minecraft:diamond_axe":1,"minecraft:crafting_table":1,"minecraft:baked_potato":41,"minecraft:birch_planks":48,"minecraft:birch_fence":24,"minecraft:stick":112,"minecraft:iron_ingot":13,"minecraft:iron_pickaxe":3,"minecraft:stone_sword":1,"minecraft:furnace":1,"minecraft:bone_meal":15,"minecraft:spruce_fence":4,"minecraft:iron_axe":2,"minecraft:stone_pickaxe":1,"minecraft:cooked_beef":4,"minecraft:iron_sword":1,"minecraft:stone_axe":1,"minecraft:oak_stairs":8},"minecraft:mined":{"minecraft:large_amethyst_bud":1,"minecraft:sculk_vein":3,"minecraft:granite":21,"minecraft:budding_amethyst":1,"minecraft:grass_block":121,"minecraft:yellow_carpet":3,"comforts:sleeping_bag_blue":2,"minecraft:oxeye_daisy":2,"minecraft:spawner":1,"minecraft:smooth_stone":1,"minecraft:iron_ore":88,"minecraft:cobbled_deepslate":20,"minecraft:stripped_dark_oak_wood":4,"minecraft:azure_bluet":3,"minecraft:pointed_dripstone":1,"minecraft:polished_deepslate_slab":1,"minecraft:dirt_path":29,"minecraft:oak_stairs":3,"minecraft:green_carpet":2,"minecraft:white_banner":1,"minecraft:blackstone":3,"minecraft:powder_snow":5,"minecraft:torch":17,"minecraft:dark_oak_wood":2,"minecraft:calcite":1,"minecraft:poppy":8,"minecraft:cobblestone":83,"minecraft:oak_planks":17,"minecraft:iron_door":1,"minecraft:wall_torch":16,"minecraft:amethyst_block":1,"minecraft:cherry_fence":1,"minecraft:birch_log":3,"minecraft:wheat":74,"minecraft:black_bed":1,"minecraft:grass":228,"minecraft:oak_log":83,"minecraft:beetroots":2,"minecraft:oak_fence_gate":2,"minecraft:dirt":44,"minecraft:oak_leaves":115,"minecraft:deepslate":125,"minecraft:granite_wall":1,"minecraft:diamond_ore":3,"minecraft:tuff":13,"minecraft:mossy_cobblestone":7,"minecraft:deepslate_diamond_ore":8,"minecraft:oak_door":2,"minecraft:glow_lichen":1,"minecraft:ladder":3,"minecraft:spruce_fence":11,"minecraft:spruce_leaves":5,"minecraft:cartography_table":1,"minecraft:large_fern":1,"minecraft:hay_block":1,"minecraft:carrots":25,"minecraft:polished_basalt":2,"minecraft:andesite":3,"minecraft:potatoes":23,"minecraft:deepslate_iron_ore":20,"minecraft:vine":1,"minecraft:rail":32,"minecraft:stone":269,"sophisticatedbackpacks:backpack":1,"minecraft:redstone_wall_torch":2,"minecraft:smithing_table":1,"minecraft:glass_pane":3,"minecraft:soul_torch":4,"minecraft:dandelion":27,"minecraft:oak_fence":11,"minecraft:crafting_table":3,"minecraft:cornflower":4,"minecraft:sculk_sensor":1,"minecraft:campfire":2,"minecraft:tall_grass":22,"minecraft:deepslate_coal_ore":4,"minecraft:deepslate_gold_ore":9,"minecraft:lapis_ore":1,"minecraft:sculk":318,"minecraft:diorite":6,"minecraft:pearlescent_froglight":1,"minecraft:spruce_stairs":1,"minecraft:gray_wool":3,"minecraft:sweet_berry_bush":32,"minecraft:white_carpet":1,"minecraft:birch_leaves":2,"minecraft:white_wall_banner":3,"minecraft:mangrove_slab":1,"minecraft:coal_ore":59,"minecraft:gravel":6,"minecraft:dripstone_block":3,"minecraft:cracked_stone_bricks":4,"minecraft:oak_button":7,"minecraft:stone_bricks":2,"minecraft:mossy_stone_bricks":3,"minecraft:iron_trapdoor":3,"minecraft:birch_fence":24,"minecraft:fern":5}},"DataVersion":3465}