{"stats":{"minecraft:mined":{"minecraft:diamond_ore":3,"minecraft:large_amethyst_bud":1,"minecraft:tuff":1,"minecraft:deepslate_diamond_ore":1,"minecraft:oak_fence":4,"minecraft:spruce_fence":7,"minecraft:crafting_table":2,"minecraft:glow_lichen":1,"minecraft:torch":5,"minecraft:granite":21,"minecraft:budding_amethyst":1,"minecraft:calcite":1,"minecraft:grass_block":33,"minecraft:poppy":1,"minecraft:cobblestone":17,"minecraft:tall_grass":1,"minecraft:deepslate_coal_ore":4,"minecraft:lapis_ore":1,"minecraft:diorite":6,"minecraft:wall_torch":2,"minecraft:spawner":1,"minecraft:amethyst_block":1,"minecraft:iron_ore":83,"minecraft:cobbled_deepslate":3,"minecraft:andesite":3,"minecraft:grass":7,"minecraft:pointed_dripstone":1,"minecraft:coal_ore":22,"minecraft:deepslate_iron_ore":20,"minecraft:dripstone_block":3,"minecraft:gravel":4,"minecraft:dirt":6,"minecraft:stone":50,"sophisticatedbackpacks:backpack":1,"minecraft:deepslate":92},"minecraft:picked_up":{"minecraft:crafting_table":2,"minecraft:iron_chestplate":1,"minecraft:cooked_beef":2,"minecraft:feather":2,"minecraft:chicken":1,"minecraft:ladder":1,"minecraft:andesite":3,"minecraft:oak_log":3,"minecraft:mushroom_stew":2,"minecraft:flint":1,"minecraft:tuff":1,"minecraft:chainmail_chestplate":1,"minecraft:amethyst_block":1,"minecraft:lapis_lazuli":4,"minecraft:dirt":36,"minecraft:chipped_anvil":1,"minecraft:name_tag":1,"minecraft:iron_leggings":1,"minecraft:cooked_mutton":13,"minecraft:bone":5,"minecraft:apple":1,"portablecraftingtable:portable_crafting_table":1,"minecraft:wheat_seeds":2,"minecraft:cobbled_deepslate":105,"minecraft:oak_fence_gate":1,"minecraft:stone_pickaxe":2,"minecraft:calcite":1,"minecraft:iron_pickaxe":1,"minecraft:oak_planks":1,"minecraft:iron_boots":1,"sophisticatedbackpacks:diamond_backpack":1,"minecraft:egg":1,"minecraft:stick":8,"minecraft:raw_iron":110,"minecraft:cooked_porkchop":7,"minecraft:oak_fence":4,"minecraft:torch":11,"minecraft:spruce_fence":7,"minecraft:dripstone_block":3,"sophisticatedbackpacks:backpack":1,"minecraft:gravel":3,"minecraft:pointed_dripstone":2,"tombstone:grave_dust":4,"minecraft:diorite":6,"minecraft:arrow":4,"minecraft:rotten_flesh":2,"minecraft:diamond":7,"comforts:sleeping_bag_blue":6,"minecraft:iron_helmet":1,"minecraft:granite":18,"minecraft:black_wool":1,"minecraft:mutton":4,"minecraft:coal":19,"minecraft:white_wool":2,"minecraft:cobblestone":74},"minecraft:custom":{"minecraft:interact_with_furnace":8,"minecraft:mob_kills":17,"tombstone:raider_killed":1,"minecraft:interact_with_crafting_table":16,"minecraft:damage_dealt_resisted":59,"minecraft:leave_game":2,"minecraft:time_since_death":5113,"minecraft:sleep_in_bed":7,"minecraft:climb_one_cm":3402,"minecraft:time_since_rest":4717,"minecraft:sprint_one_cm":449594,"minecraft:damage_taken":4145,"minecraft:walk_one_cm":401356,"minecraft:drop":105,"minecraft:damage_dealt":3169,"minecraft:swim_one_cm":578,"minecraft:fly_one_cm":165057,"minecraft:open_chest":14,"minecraft:crouch_one_cm":143,"minecraft:play_time":144899,"tombstone:undead_killed":11,"minecraft:deaths":9,"minecraft:sneak_time":63,"minecraft:walk_under_water_one_cm":11,"minecraft:jump":1534,"minecraft:walk_on_water_one_cm":2608,"minecraft:total_world_time":144899,"minecraft:fall_one_cm":34827,"minecraft:horse_one_cm":43185},"minecraft:dropped":{"minecraft:enchanted_book":1,"minecraft:diamond":4,"minecraft:raw_iron":75,"minecraft:cobblestone":14,"minecraft:rotten_flesh":1,"sophisticatedbackpacks:backpack":1,"minecraft:name_tag":1,"minecraft:dirt":7,"comforts:sleeping_bag_blue":1,"minecraft:stone_pickaxe":1,"minecraft:white_wool":2},"minecraft:broken":{"minecraft:stone_pickaxe":2,"minecraft:stone_axe":1},"minecraft:used":{"minecraft:cooked_mutton":16,"minecraft:diorite":6,"minecraft:stone_sword":121,"minecraft:stone_pickaxe":266,"minecraft:oak_planks":1,"minecraft:diamond_axe":2,"minecraft:torch":8,"minecraft:dirt":21,"minecraft:crafting_table":2,"minecraft:mushroom_stew":1,"comforts:sleeping_bag_blue":4,"minecraft:spruce_fence":10,"minecraft:oak_fence_gate":1,"minecraft:birch_fence":24,"minecraft:apple":1,"minecraft:iron_axe":12,"minecraft:iron_pickaxe":84,"minecraft:stone_axe":71,"minecraft:cobblestone":58,"minecraft:furnace":1,"minecraft:cooked_porkchop":5,"minecraft:andesite":3,"tombstone:gift":6,"minecraft:cooked_beef":2,"minecraft:cobbled_deepslate":69},"minecraft:crafted":{"minecraft:oak_planks":22,"minecraft:diamond_axe":1,"minecraft:iron_sword":1,"minecraft:furnace":1,"minecraft:birch_planks":48,"minecraft:spruce_fence":4,"minecraft:stone_axe":1,"minecraft:cooked_mutton":3,"minecraft:iron_axe":1,"minecraft:birch_fence":24,"minecraft:stick":68,"minecraft:iron_ingot":11,"minecraft:iron_pickaxe":2,"minecraft:stone_pickaxe":1,"minecraft:stone_sword":1},"minecraft:killed_by":{"man:managgresive":4,"minecraft:player":1,"minecraft:skeleton":4},"minecraft:killed":{"minecraft:spider":1,"minecraft:sheep":3,"minecraft:skeleton":5,"minecraft:pillager":1,"minecraft:zombie":6,"minecraft:chicken":1}},"DataVersion":3465}