{"stats":{"minecraft:picked_up":{"minecraft:iron_chestplate":1,"minecraft:feather":2,"minecraft:chicken":1,"minecraft:andesite":3,"minecraft:flint":1,"minecraft:tuff":1,"minecraft:amethyst_block":1,"minecraft:lapis_lazuli":4,"minecraft:dirt":5,"minecraft:iron_leggings":1,"minecraft:cooked_mutton":9,"minecraft:bone":5,"portablecraftingtable:portable_crafting_table":1,"minecraft:wheat_seeds":1,"minecraft:cobbled_deepslate":105,"minecraft:stone_pickaxe":2,"minecraft:calcite":1,"minecraft:iron_pickaxe":1,"minecraft:iron_boots":1,"sophisticatedbackpacks:diamond_backpack":1,"minecraft:egg":1,"minecraft:raw_iron":86,"minecraft:cooked_porkchop":3,"minecraft:torch":9,"minecraft:dripstone_block":3,"sophisticatedbackpacks:backpack":1,"minecraft:gravel":3,"minecraft:pointed_dripstone":2,"tombstone:grave_dust":4,"minecraft:diorite":3,"minecraft:arrow":4,"minecraft:rotten_flesh":2,"minecraft:diamond":4,"comforts:sleeping_bag_blue":5,"minecraft:iron_helmet":1,"minecraft:granite":12,"minecraft:black_wool":1,"minecraft:mutton":4,"minecraft:coal":19,"minecraft:white_wool":2,"minecraft:cobblestone":72},"minecraft:mined":{"minecraft:diamond_ore":3,"minecraft:large_amethyst_bud":1,"minecraft:tuff":1,"minecraft:deepslate_diamond_ore":1,"minecraft:glow_lichen":1,"minecraft:torch":4,"minecraft:granite":15,"minecraft:budding_amethyst":1,"minecraft:calcite":1,"minecraft:grass_block":1,"minecraft:poppy":1,"minecraft:cobblestone":17,"minecraft:tall_grass":1,"minecraft:deepslate_coal_ore":4,"minecraft:lapis_ore":1,"minecraft:diorite":3,"minecraft:wall_torch":2,"minecraft:amethyst_block":1,"minecraft:iron_ore":61,"minecraft:cobbled_deepslate":3,"minecraft:andesite":3,"minecraft:grass":5,"minecraft:pointed_dripstone":1,"minecraft:coal_ore":22,"minecraft:deepslate_iron_ore":20,"minecraft:dripstone_block":3,"minecraft:gravel":4,"minecraft:dirt":4,"minecraft:stone":48,"sophisticatedbackpacks:backpack":1,"minecraft:deepslate":92},"minecraft:custom":{"minecraft:interact_with_furnace":4,"minecraft:mob_kills":16,"tombstone:raider_killed":1,"minecraft:interact_with_crafting_table":2,"minecraft:leave_game":2,"minecraft:time_since_death":4552,"minecraft:sleep_in_bed":6,"minecraft:time_since_rest":4169,"minecraft:sprint_one_cm":245146,"minecraft:damage_taken":1980,"minecraft:walk_one_cm":261985,"minecraft:drop":18,"minecraft:damage_dealt":2856,"minecraft:swim_one_cm":578,"minecraft:fly_one_cm":87396,"minecraft:open_chest":10,"minecraft:crouch_one_cm":125,"minecraft:play_time":72899,"tombstone:undead_killed":10,"minecraft:deaths":4,"minecraft:sneak_time":15,"minecraft:walk_under_water_one_cm":11,"minecraft:jump":997,"minecraft:walk_on_water_one_cm":1469,"minecraft:total_world_time":72899,"minecraft:fall_one_cm":21059},"minecraft:dropped":{"minecraft:diamond":4,"minecraft:raw_iron":11,"minecraft:rotten_flesh":1,"sophisticatedbackpacks:backpack":1,"comforts:sleeping_bag_blue":1,"minecraft:stone_pickaxe":1,"minecraft:white_wool":2},"minecraft:broken":{"minecraft:stone_pickaxe":2,"minecraft:stone_axe":1},"minecraft:used":{"minecraft:cooked_mutton":12,"minecraft:stone_sword":92,"minecraft:stone_pickaxe":266,"minecraft:torch":7,"comforts:sleeping_bag_blue":3,"minecraft:iron_pickaxe":50,"minecraft:stone_axe":71,"minecraft:cobblestone":58,"minecraft:furnace":1,"minecraft:cooked_porkchop":3,"minecraft:cobbled_deepslate":69},"minecraft:crafted":{"minecraft:oak_planks":22,"minecraft:furnace":1,"minecraft:stone_axe":1,"minecraft:cooked_mutton":3,"minecraft:stick":28,"minecraft:stone_pickaxe":1,"minecraft:stone_sword":1},"minecraft:killed_by":{"man:managgresive":1,"minecraft:skeleton":3},"minecraft:killed":{"minecraft:spider":1,"minecraft:sheep":3,"minecraft:skeleton":4,"minecraft:pillager":1,"minecraft:zombie":6,"minecraft:chicken":1}},"DataVersion":3465}